,name,price
13,Aberfeldy 12,50.0
14,Aberfeldy 12,29.0
18,Aberfeldy 12,49.0
21,Aberfeldy 12,40.0
25,Aberfeldy 12,40.0
35,Aberlour 10,36.0
36,Aberlour 10,40.0
37,Aberlour 10,52.0
40,Aberlour 10,46.0
42,Aberlour 10,38.0
43,Aberlour 10,25.0
46,Aberlour 10,45.0
49,Aberlour 10,32.0
56,Aberlour 12 Double Cask Matured,40.0
57,Aberlour 12 Double Cask Matured,33.0
58,Aberlour 12 Double Cask Matured,40.0
59,Aberlour 12 Double Cask Matured,30.0
60,Aberlour 12 Double Cask Matured,60.0
61,Aberlour 12 Double Cask Matured,55.0
63,Aberlour 12 Double Cask Matured,45.0
64,Aberlour 12 Double Cask Matured,43.0
65,Aberlour 12 Double Cask Matured,59.0
66,Aberlour 12 Double Cask Matured,49.0
67,Aberlour 12 Double Cask Matured,22.0
68,Aberlour 12 Double Cask Matured,32.0
69,Aberlour 12 Double Cask Matured,40.0
71,Aberlour 12 Double Cask Matured,40.0
72,Aberlour 12 Double Cask Matured,32.0
75,Aberlour 12 Double Cask Matured,36.0
76,Aberlour 12 Double Cask Matured,45.0
77,Aberlour 12 Double Cask Matured,45.0
78,Aberlour 12 Double Cask Matured,32.0
79,Aberlour 12 Double Cask Matured,45.0
80,Aberlour 12 Double Cask Matured,53.0
81,Aberlour 12 Double Cask Matured,40.0
82,Aberlour 12 Double Cask Matured,46.0
83,Aberlour 12 Double Cask Matured,53.0
84,Aberlour 12 Double Cask Matured,50.0
85,Aberlour 12 Double Cask Matured,45.0
86,Aberlour 12 Double Cask Matured,41.0
90,Aberlour 12 Non Chill Filtered,70.0
92,Aberlour 12 Non Chill Filtered,66.0
93,Aberlour 12 Non Chill Filtered,75.0
98,Aberlour 12 Non Chill Filtered,50.0
100,Aberlour 12 Non Chill Filtered,65.0
101,Aberlour 12 Non Chill Filtered,55.0
102,Aberlour 12 Non Chill Filtered,65.0
104,Aberlour 12 Non Chill Filtered,55.0
105,Aberlour 12 Non Chill Filtered,60.0
106,Aberlour 12 Non Chill Filtered,60.0
107,Aberlour 12 Non Chill Filtered,50.0
108,Aberlour 12 Non Chill Filtered,60.0
110,Aberlour 12 Non Chill Filtered,65.0
113,Aberlour 12 Non Chill Filtered,60.0
116,Aberlour 12 Non Chill Filtered,65.0
118,Aberlour 12 Non Chill Filtered,55.0
119,Aberlour 12 Non Chill Filtered,49.0
120,Aberlour 12 Non Chill Filtered,58.0
121,Aberlour 12 Non Chill Filtered,54.0
122,Aberlour 12 Non Chill Filtered,48.0
124,Aberlour 12 Sherry Cask Matured,47.0
127,Aberlour 12 Sherry Cask Matured,56.0
141,Aberlour 16,53.0
143,Aberlour 16,49.0
145,Aberlour 16,60.0
146,Aberlour 16,60.0
147,Aberlour 16,60.0
151,Aberlour 16,63.0
152,Aberlour 16,69.0
153,Aberlour 16,65.0
154,Aberlour 16,65.0
156,Aberlour 16,65.0
157,Aberlour 16,63.0
158,Aberlour 16,67.0
171,Aberlour 18,80.0
173,Aberlour 18,105.0
174,Aberlour 18,80.0
180,Aberlour 18,80.0
189,Aberlour A'bunadh,95.0
190,Aberlour A'bunadh,109.0
192,Aberlour A'bunadh,75.0
197,Aberlour A'bunadh,80.0
199,Aberlour A'bunadh,78.0
201,Aberlour A'bunadh,95.0
202,Aberlour A'bunadh,80.0
203,Aberlour A'bunadh,78.0
204,Aberlour A'bunadh,75.0
205,Aberlour A'bunadh,80.0
219,Aberlour A'bunadh batch #36,90.0
220,Aberlour A'bunadh batch #36,75.0
221,Aberlour A'bunadh batch #36,65.0
222,Aberlour A'bunadh batch #36,60.0
223,Aberlour A'bunadh batch #36,60.0
224,Aberlour A'bunadh batch #36,83.0
225,Aberlour A'bunadh batch #36,90.0
226,Aberlour A'bunadh batch #36,60.0
227,Aberlour A'bunadh batch #37,60.0
228,Aberlour A'bunadh batch #37,100.0
230,Aberlour A'bunadh batch #37,105.0
231,Aberlour A'bunadh batch #37,60.0
235,Aberlour A'bunadh batch #39,73.0
236,Aberlour A'bunadh batch #39,110.0
237,Aberlour A'bunadh batch #39,65.0
238,Aberlour A'bunadh batch #39,75.0
240,Aberlour A'bunadh batch #39,65.0
241,Aberlour A'bunadh batch #39,65.0
242,Aberlour A'bunadh batch #39,91.0
243,Aberlour A'bunadh batch #39,70.0
244,Aberlour A'bunadh batch #39,70.0
245,Aberlour A'bunadh batch #39,60.0
247,Aberlour A'bunadh batch #39,55.0
249,Aberlour A'bunadh batch #40,60.0
251,Aberlour A'bunadh batch #40,63.0
254,Aberlour A'bunadh batch #40,65.0
255,Aberlour A'bunadh batch #40,132.0
256,Aberlour A'bunadh batch #40,65.0
257,Aberlour A'bunadh batch #41,55.0
258,Aberlour A'bunadh batch #41,60.0
261,Aberlour A'bunadh batch #41,110.0
264,Aberlour A'bunadh batch #42,55.0
266,Aberlour A'bunadh batch #42,75.0
269,Aberlour A'bunadh batch #42,60.0
271,Aberlour A'bunadh batch #42,44.0
272,Aberlour A'bunadh batch #42,60.0
276,Aberlour A'bunadh batch #45,70.0
277,Aberlour A'bunadh batch #45,65.0
280,Aberlour A'bunadh batch #45,65.0
283,Aberlour A'bunadh batch #45,75.0
284,Aberlour A'bunadh batch #45,67.0
285,Aberlour A'bunadh batch #45,67.0
289,Aberlour A'bunadh batch #47,68.0
293,Aberlour A'bunadh batch #47,70.0
294,Aberlour A'bunadh batch #47,85.0
393,AnCnoc 12,70.0
394,AnCnoc 12,70.0
395,AnCnoc 12,38.0
396,AnCnoc 12,68.0
398,AnCnoc 12,40.0
399,AnCnoc 12,47.0
400,AnCnoc 12,36.0
403,AnCnoc 12,38.0
404,AnCnoc 12,36.0
405,AnCnoc 12,37.0
406,AnCnoc 12,40.0
410,AnCnoc 12,32.0
411,AnCnoc 12,39.0
412,AnCnoc 12,40.0
413,AnCnoc 12,45.0
415,AnCnoc 12,51.0
416,AnCnoc 12,33.0
417,AnCnoc 12,36.0
418,AnCnoc 12,45.0
420,AnCnoc 12,37.0
423,AnCnoc 12,35.0
428,AnCnoc 16,52.0
430,AnCnoc 16,50.0
434,AnCnoc 16,97.0
435,AnCnoc 16,65.0
445,AnCnoc Rutter,75.0
480,Ardbeg 10,40.0
482,Ardbeg 10,57.0
483,Ardbeg 10,60.0
486,Ardbeg 10,62.0
489,Ardbeg 10,50.0
491,Ardbeg 10,50.0
492,Ardbeg 10,60.0
493,Ardbeg 10,55.0
498,Ardbeg 10,70.0
499,Ardbeg 10,50.0
500,Ardbeg 10,60.0
501,Ardbeg 10,75.0
502,Ardbeg 10,40.0
503,Ardbeg 10,60.0
504,Ardbeg 10,49.0
505,Ardbeg 10,50.0
506,Ardbeg 10,100.0
507,Ardbeg 10,60.0
508,Ardbeg 10,70.0
509,Ardbeg 10,91.0
510,Ardbeg 10,100.0
511,Ardbeg 10,55.0
512,Ardbeg 10,55.0
513,Ardbeg 10,43.0
514,Ardbeg 10,60.0
515,Ardbeg 10,50.0
516,Ardbeg 10,68.0
517,Ardbeg 10,47.0
518,Ardbeg 10,85.0
520,Ardbeg 10,49.0
521,Ardbeg 10,50.0
522,Ardbeg 10,44.0
523,Ardbeg 10,43.0
524,Ardbeg 10,50.0
525,Ardbeg 10,50.0
526,Ardbeg 10,73.0
528,Ardbeg 10,100.0
529,Ardbeg 10,50.0
531,Ardbeg 10,59.0
532,Ardbeg 10,55.0
533,Ardbeg 10,40.0
534,Ardbeg 10,47.0
535,Ardbeg 10,50.0
536,Ardbeg 10,100.0
538,Ardbeg 10,55.0
539,Ardbeg 10,100.0
540,Ardbeg 10,50.0
541,Ardbeg 10,40.0
542,Ardbeg 10,53.0
543,Ardbeg 10,42.0
544,Ardbeg 10,62.0
547,Ardbeg 10,57.0
549,Ardbeg 10,65.0
550,Ardbeg 10,60.0
551,Ardbeg 10,60.0
553,Ardbeg 10,80.0
554,Ardbeg 10,60.0
555,Ardbeg 10,46.0
557,Ardbeg 10,50.0
559,Ardbeg 10,55.0
560,Ardbeg 10,60.0
561,Ardbeg 10,44.0
562,Ardbeg 10,60.0
563,Ardbeg 10,55.0
566,Ardbeg 10,53.0
567,Ardbeg 10,55.0
569,Ardbeg 10,94.0
570,Ardbeg 10,60.0
577,Ardbeg 21 Sovereign,350.0
578,Ardbeg 21 Sovereign,350.0
579,Ardbeg 21 Sovereign,350.0
580,Ardbeg 21 Sovereign,350.0
581,Ardbeg 21 Sovereign,350.0
588,Ardbeg Airigh Nam Beist 1990,92.0
591,Ardbeg Airigh Nam Beist 1990,180.0
592,Ardbeg Alligator,140.0
595,Ardbeg Alligator,200.0
602,Ardbeg Alligator,100.0
603,Ardbeg Alligator,225.0
604,Ardbeg Alligator,90.0
609,Ardbeg Alligator,88.0
610,Ardbeg Alligator,135.0
611,Ardbeg Alligator,150.0
615,Ardbeg Ardbog,90.0
618,Ardbeg Ardbog,120.0
619,Ardbeg Ardbog,160.0
621,Ardbeg Ardbog,90.0
623,Ardbeg Ardbog,135.0
625,Ardbeg Ardbog,70.0
626,Ardbeg Ardbog,90.0
627,Ardbeg Ardbog,120.0
629,Ardbeg Ardbog,90.0
630,Ardbeg Ardbog,98.0
637,Ardbeg Ardbog,89.0
638,Ardbeg Ardbog,150.0
639,Ardbeg Ardbog,99.0
642,Ardbeg Ardbog,100.0
646,Ardbeg Auriverdes,99.0
647,Ardbeg Auriverdes,150.0
648,Ardbeg Auriverdes,86.0
654,Ardbeg Corryvreckan,90.0
655,Ardbeg Corryvreckan,70.0
657,Ardbeg Corryvreckan,6.0
658,Ardbeg Corryvreckan,75.0
660,Ardbeg Corryvreckan,80.0
661,Ardbeg Corryvreckan,74.0
662,Ardbeg Corryvreckan,70.0
668,Ardbeg Corryvreckan,184.0
672,Ardbeg Corryvreckan,85.0
674,Ardbeg Corryvreckan,62.0
676,Ardbeg Corryvreckan,90.0
677,Ardbeg Corryvreckan,150.0
678,Ardbeg Corryvreckan,80.0
679,Ardbeg Corryvreckan,70.0
681,Ardbeg Corryvreckan,179.0
682,Ardbeg Corryvreckan,112.0
684,Ardbeg Corryvreckan,167.0
685,Ardbeg Corryvreckan,104.0
686,Ardbeg Corryvreckan,60.0
687,Ardbeg Corryvreckan,70.0
689,Ardbeg Corryvreckan,90.0
691,Ardbeg Corryvreckan,74.0
693,Ardbeg Corryvreckan,140.0
696,Ardbeg Corryvreckan,80.0
705,Ardbeg Day,85.0
707,Ardbeg Galileo,95.0
711,Ardbeg Galileo,89.0
712,Ardbeg Galileo,100.0
713,Ardbeg Galileo,99.0
714,Ardbeg Galileo,95.0
715,Ardbeg Galileo,84.0
717,Ardbeg Galileo,100.0
719,Ardbeg Galileo,120.0
721,Ardbeg Galileo,80.0
722,Ardbeg Galileo,125.0
725,Ardbeg Galileo,67.0
726,Ardbeg Galileo,119.0
727,Ardbeg Galileo,160.0
730,Ardbeg Galileo,100.0
732,Ardbeg Galileo,67.0
734,Ardbeg Galileo,140.0
735,Ardbeg Galileo,97.0
747,Ardbeg Supernova,151.0
748,Ardbeg Supernova,150.0
752,Ardbeg Supernova 2010,200.0
754,Ardbeg Supernova 2010,190.0
758,Ardbeg Uigeadail,75.0
761,Ardbeg Uigeadail,169.0
762,Ardbeg Uigeadail,60.0
763,Ardbeg Uigeadail,75.0
764,Ardbeg Uigeadail,70.0
765,Ardbeg Uigeadail,70.0
767,Ardbeg Uigeadail,75.0
768,Ardbeg Uigeadail,75.0
769,Ardbeg Uigeadail,70.0
770,Ardbeg Uigeadail,65.0
771,Ardbeg Uigeadail,100.0
772,Ardbeg Uigeadail,130.0
773,Ardbeg Uigeadail,90.0
774,Ardbeg Uigeadail,60.0
776,Ardbeg Uigeadail,75.0
781,Ardbeg Uigeadail,70.0
783,Ardbeg Uigeadail,65.0
784,Ardbeg Uigeadail,56.0
786,Ardbeg Uigeadail,100.0
788,Ardbeg Uigeadail,55.0
789,Ardbeg Uigeadail,68.0
792,Ardbeg Uigeadail,59.0
793,Ardbeg Uigeadail,60.0
795,Ardbeg Uigeadail,127.0
797,Ardbeg Uigeadail,105.0
799,Ardbeg Uigeadail,74.0
800,Ardbeg Uigeadail,70.0
802,Ardbeg Uigeadail,59.0
803,Ardbeg Uigeadail,68.0
804,Ardbeg Uigeadail,65.0
805,Ardbeg Uigeadail,65.0
807,Ardbeg Uigeadail,70.0
809,Ardbeg Uigeadail,106.0
810,Ardbeg Uigeadail,90.0
811,Ardbeg Uigeadail,75.0
813,Ardbeg Uigeadail,70.0
814,Ardbeg Uigeadail,59.0
815,Ardbeg Uigeadail,68.0
816,Ardbeg Uigeadail,115.0
817,Ardbeg Uigeadail,76.0
818,Ardbeg Uigeadail,75.0
820,Ardbeg Uigeadail,80.0
821,Ardbeg Uigeadail,75.0
822,Ardbeg Uigeadail,80.0
823,Ardbeg Uigeadail,65.0
824,Ardbeg Uigeadail,70.0
826,Ardbeg Uigeadail,90.0
827,Ardbeg Uigeadail,80.0
828,Ardbeg Uigeadail,70.0
830,Ardbeg Uigeadail,80.0
831,Ardbeg Uigeadail,80.0
834,Ardbeg Uigeadail,80.0
835,Ardbeg Uigeadail,147.0
837,Ardbeg Uigeadail,76.0
839,Ardbeg Uigeadail,75.0
841,Ardbeg Uigeadail,70.0
842,Ardbeg Uigeadail,75.0
843,Ardbeg Uigeadail,68.0
844,Ardbeg Uigeadail,72.0
845,Ardbeg Uigeadail,54.0
846,Ardbeg Uigeadail,58.0
847,Ardbeg Uigeadail,75.0
848,Ardbeg Uigeadail,75.0
849,Ardbeg Uigeadail,60.0
851,Ardbeg Uigeadail,75.0
852,Ardbeg Uigeadail,60.0
853,Ardbeg Uigeadail,134.0
854,Ardbeg Uigeadail,80.0
866,Ardmore Traditional Cask Peated,70.0
867,Ardmore Traditional Cask Peated,35.0
868,Ardmore Traditional Cask Peated,67.0
869,Ardmore Traditional Cask Peated,70.0
870,Ardmore Traditional Cask Peated,39.0
872,Ardmore Traditional Cask Peated,52.0
873,Ardmore Traditional Cask Peated,70.0
874,Ardmore Traditional Cask Peated,28.0
875,Ardmore Traditional Cask Peated,67.0
876,Ardmore Traditional Cask Peated,39.0
882,Ardmore Traditional Cask Peated,30.0
998,Auchentoshan 12,55.0
1001,Auchentoshan 12,53.0
1004,Auchentoshan 12,52.0
1007,Auchentoshan 12,50.0
1008,Auchentoshan 12,81.0
1009,Auchentoshan 12,55.0
1010,Auchentoshan 12,45.0
1011,Auchentoshan 12,70.0
1012,Auchentoshan 12,54.0
1013,Auchentoshan 12,44.0
1014,Auchentoshan 12,40.0
1015,Auchentoshan 12,44.0
1016,Auchentoshan 12,55.0
1018,Auchentoshan 12,49.0
1032,Auchentoshan Classic,33.0
1033,Auchentoshan Classic,25.0
1034,Auchentoshan Classic,40.0
1035,Auchentoshan Classic,38.0
1036,Auchentoshan Classic,48.0
1051,Auchentoshan Three Wood,59.0
1058,Auchentoshan Three Wood,70.0
1060,Auchentoshan Three Wood,80.0
1062,Auchentoshan Three Wood,79.0
1063,Auchentoshan Three Wood,50.0
1065,Auchentoshan Three Wood,60.0
1066,Auchentoshan Three Wood,130.0
1068,Auchentoshan Three Wood,59.0
1069,Auchentoshan Three Wood,85.0
1073,Auchentoshan Three Wood,58.0
1074,Auchentoshan Three Wood,80.0
1079,Auchentoshan Valinch,70.0
1081,Auchentoshan Valinch,60.0
1082,Auchentoshan Valinch,65.0
1086,Auchentoshan Valinch,60.0
1087,Auchentoshan Valinch,65.0
1088,Auchentoshan Valinch,55.0
1089,Auchentoshan Valinch,65.0
1091,Auchentoshan Valinch,65.0
1092,Auchentoshan Valinch,52.0
1093,Auchentoshan Valinch,65.0
1096,Auchentoshan Valinch,60.0
1098,Auchentoshan Valinch,64.0
1100,Auchentoshan Valinch,75.0
1101,Auchentoshan Valinch,60.0
1105,Auchentoshan Valinch,70.0
1128,Bailie Nicol Jarvie,35.0
1129,Bailie Nicol Jarvie,26.0
1130,Bailie Nicol Jarvie,37.0
1199,Ballantine's Finest,25.0
1200,Ballantine's Finest,18.0
1202,Ballantine's Finest,32.0
1210,Balvenie 10 Founder's Reserve,48.0
1212,Balvenie 10 Founder's Reserve,47.0
1216,Balvenie 12 Doublewood,80.0
1218,Balvenie 12 Doublewood,50.0
1220,Balvenie 12 Doublewood,50.0
1224,Balvenie 12 Doublewood,57.0
1226,Balvenie 12 Doublewood,55.0
1229,Balvenie 12 Doublewood,50.0
1231,Balvenie 12 Doublewood,50.0
1233,Balvenie 12 Doublewood,65.0
1237,Balvenie 12 Doublewood,73.0
1238,Balvenie 12 Doublewood,60.0
1239,Balvenie 12 Doublewood,55.0
1240,Balvenie 12 Doublewood,52.0
1241,Balvenie 12 Doublewood,45.0
1244,Balvenie 12 Doublewood,75.0
1246,Balvenie 12 Doublewood,32.0
1247,Balvenie 12 Doublewood,42.0
1249,Balvenie 12 Doublewood,45.0
1250,Balvenie 12 Doublewood,50.0
1252,Balvenie 12 Doublewood,52.0
1253,Balvenie 12 Doublewood,55.0
1254,Balvenie 12 Doublewood,49.0
1255,Balvenie 12 Doublewood,55.0
1256,Balvenie 12 Doublewood,40.0
1257,Balvenie 12 Doublewood,40.0
1259,Balvenie 12 Doublewood,45.0
1260,Balvenie 12 Doublewood,57.0
1261,Balvenie 12 Doublewood,40.0
1264,Balvenie 12 Doublewood,38.0
1267,Balvenie 12 Doublewood,52.0
1268,Balvenie 12 Doublewood,84.0
1271,Balvenie 12 Doublewood,47.0
1272,Balvenie 12 Doublewood,55.0
1273,Balvenie 12 Doublewood,52.0
1274,Balvenie 12 Doublewood,45.0
1275,Balvenie 12 Doublewood,60.0
1276,Balvenie 12 Doublewood,35.0
1277,Balvenie 12 Doublewood,59.0
1278,Balvenie 12 Doublewood,54.0
1280,Balvenie 12 Doublewood,70.0
1286,Balvenie 12 Signature,50.0
1288,Balvenie 12 Signature,48.0
1292,Balvenie 12 Signature,53.0
1298,Balvenie 12 Single Barrel First Fill,70.0
1299,Balvenie 12 Single Barrel First Fill,80.0
1300,Balvenie 12 Single Barrel First Fill,55.0
1301,Balvenie 12 Single Barrel First Fill,64.0
1302,Balvenie 12 Single Barrel First Fill,70.0
1304,Balvenie 12 Single Barrel First Fill,68.0
1305,Balvenie 12 Single Barrel First Fill,59.0
1306,Balvenie 12 Single Barrel First Fill,70.0
1308,Balvenie 14 Caribbean Cask,50.0
1309,Balvenie 14 Caribbean Cask,55.0
1311,Balvenie 14 Caribbean Cask,64.0
1314,Balvenie 14 Caribbean Cask,50.0
1317,Balvenie 14 Caribbean Cask,66.0
1319,Balvenie 14 Caribbean Cask,68.0
1325,Balvenie 14 Caribbean Cask,60.0
1326,Balvenie 14 Caribbean Cask,65.0
1327,Balvenie 14 Caribbean Cask,70.0
1329,Balvenie 14 Caribbean Cask,65.0
1330,Balvenie 14 Caribbean Cask,65.0
1332,Balvenie 14 Caribbean Cask,55.0
1333,Balvenie 14 Caribbean Cask,70.0
1336,Balvenie 14 Caribbean Cask,99.0
1337,Balvenie 14 Caribbean Cask,80.0
1338,Balvenie 14 Caribbean Cask,65.0
1339,Balvenie 14 Caribbean Cask,67.0
1340,Balvenie 14 Caribbean Cask,55.0
1342,Balvenie 14 Caribbean Cask,65.0
1344,Balvenie 14 Caribbean Cask,60.0
1346,Balvenie 14 Caribbean Cask,110.0
1347,Balvenie 14 Caribbean Cask,65.0
1348,Balvenie 14 Caribbean Cask,64.0
1349,Balvenie 14 Caribbean Cask,100.0
1351,Balvenie 14 Caribbean Cask,50.0
1353,Balvenie 14 Caribbean Cask,62.0
1354,Balvenie 14 Caribbean Cask,58.0
1356,Balvenie 14 Caribbean Cask,55.0
1358,Balvenie 14 Caribbean Cask,66.0
1359,Balvenie 14 Caribbean Cask,60.0
1361,Balvenie 14 Caribbean Cask,55.0
1362,Balvenie 14 Caribbean Cask,60.0
1363,Balvenie 14 Caribbean Cask,50.0
1364,Balvenie 14 Caribbean Cask,48.0
1365,Balvenie 14 Caribbean Cask,63.0
1366,Balvenie 14 Caribbean Cask,64.0
1367,Balvenie 14 Caribbean Cask,60.0
1368,Balvenie 14 Caribbean Cask,60.0
1369,Balvenie 14 Caribbean Cask,65.0
1373,Balvenie 14 Golden Cask,75.0
1378,Balvenie 14 Caribbean Cask,65.0
1385,Balvenie 15 Single Barrel,100.0
1387,Balvenie 15 Single Barrel,62.0
1388,Balvenie 15 Single Barrel,113.0
1390,Balvenie 15 Single Barrel,80.0
1392,Balvenie 15 Single Barrel,70.0
1394,Balvenie 15 Single Barrel,100.0
1396,Balvenie 15 Single Barrel,65.0
1399,Balvenie 15 Single Barrel,110.0
1401,Balvenie 15 Single Barrel,68.0
1403,Balvenie 15 Single Barrel,70.0
1405,Balvenie 15 Single Barrel,80.0
1406,Balvenie 15 Single Barrel,115.0
1408,Balvenie 15 Single Barrel,77.0
1409,Balvenie 15 Single Barrel,85.0
1410,Balvenie 15 Single Barrel,67.0
1411,Balvenie 15 Single Barrel,105.0
1412,Balvenie 15 Single Barrel,69.0
1415,Balvenie 15 Single Barrel,80.0
1417,Balvenie 15 Single Barrel,89.0
1418,Balvenie 15 Single Barrel,80.0
1419,Balvenie 15 Single Barrel,69.0
1420,Balvenie 15 Single Barrel,60.0
1421,Balvenie 15 Single Barrel,80.0
1433,Balvenie 17 Doublewood,186.0
1435,Balvenie 17 Doublewood,135.0
1437,Balvenie 17 Doublewood,120.0
1439,Balvenie 17 Doublewood,126.0
1444,Balvenie 17 Madeira Cask,100.0
1446,Balvenie 17 Madeira Cask,93.0
1448,Balvenie 17 Madeira Cask,99.0
1453,Balvenie 17 Peated Cask,162.0
1454,Balvenie 17 Peated Cask,90.0
1455,Balvenie 17 Peated Cask,100.0
1457,Balvenie 17 Peated Cask,120.0
1458,Balvenie 17 Peated Cask,110.0
1460,Balvenie 17 Peated Cask,150.0
1461,Balvenie 17 Peated Cask,100.0
1462,Balvenie 17 Peated Cask,120.0
1475,Balvenie 21 Portwood,200.0
1477,Balvenie 21 Portwood,277.0
1478,Balvenie 21 Portwood,200.0
1479,Balvenie 21 Portwood,110.0
1482,Balvenie 21 Portwood,200.0
1490,Balvenie 21 Portwood,110.0
1503,Balvenie Tun 1401 Batch #3,250.0
1510,Balvenie Tun 1401 Batch #3,240.0
1512,Balvenie Tun 1401 Batch #3,250.0
1514,Balvenie Tun 1401 Batch #5,250.0
1516,Balvenie Tun 1401 Batch #5,250.0
1518,Balvenie Tun 1401 Batch #5,250.0
1525,Balvenie Tun 1401 Batch #8,350.0
1570,BenRiach 10 Curiositas,65.0
1573,BenRiach 10 Curiositas,43.0
1576,BenRiach 10 Curiositas,65.0
1577,BenRiach 10 Curiositas,50.0
1583,BenRiach 12,50.0
1584,BenRiach 12,50.0
1585,BenRiach 12,50.0
1589,BenRiach 12,65.0
1590,BenRiach 12,70.0
1592,BenRiach 12 Arumaticus Fumosus,70.0
1616,BenRiach 16,65.0
1618,BenRiach 16,80.0
1627,BenRiach 17 Solstice,130.0
1630,BenRiach 17 Solstice,130.0
1632,BenRiach 17 Solstice,99.0
1665,Benrinnes 14 AD Rattray Sherry Cask,99.0
1667,Benrinnes 14 AD Rattray Sherry Cask,94.0
1684,Benrinnes 15 DARKNESS! Oloroso,100.0
1685,Benrinnes 15 DARKNESS! Oloroso,103.0
1687,Benrinnes 15 DARKNESS! Pedro Ximenez,99.0
1688,Benrinnes 15 DARKNESS! Pedro Ximenez,100.0
1689,Benrinnes 15 DARKNESS! Pedro Ximenez,103.0
1691,Benrinnes 15 DARKNESS! Pedro Ximenez,60.0
1710,Benrinnes 23,266.0
1711,Benrinnes 23,196.0
1724,Benromach 10,50.0
1725,Benromach 10,49.0
1726,Benromach 10,55.0
1728,Benromach 10,45.0
1732,Benromach 10,85.0
1734,Benromach 10,75.0
1735,Benromach 10,43.0
1775,Black Bottle,19.0
1778,Black Bottle,20.0
1779,Black Bottle,20.0
1780,Black Bottle,20.0
1781,Black Bottle,20.0
1782,Black Bottle,38.0
1783,Black Bottle,20.0
1784,Black Bottle,20.0
1785,Black Bottle,18.0
1786,Black Bottle,25.0
1789,Black Bottle ,20.0
1792,Black Bottle ,19.0
1793,Black Bottle ,20.0
1794,Black Bottle ,24.0
1795,Black Bottle ,20.0
1805,Black Grouse,20.0
1806,Black Grouse,37.0
1807,Black Grouse,22.0
1813,Black Grouse,32.0
1841,Bladnoch 16 year old 1993 Signatory,80.0
1961,Bowmore 11 Hart Brothers,67.0
1962,Bowmore 11 Hart Brothers,70.0
1963,Bowmore 11 Hart Brothers,67.0
1965,Bowmore 12,45.0
1966,Bowmore 12,45.0
1968,Bowmore 12,52.0
1970,Bowmore 12,51.0
1972,Bowmore 12,55.0
1973,Bowmore 12,45.0
1974,Bowmore 12,53.0
1976,Bowmore 12,60.0
1977,Bowmore 12,50.0
1980,Bowmore 12,45.0
1981,Bowmore 12,54.0
1982,Bowmore 12,55.0
1985,Bowmore 12,45.0
1986,Bowmore 12,48.0
1987,Bowmore 12,43.0
1988,Bowmore 12,35.0
1989,Bowmore 12,44.0
1990,Bowmore 12,44.0
1991,Bowmore 12,32.0
1992,Bowmore 12,34.0
1994,Bowmore 12,43.0
1996,Bowmore 12,48.0
1997,Bowmore 12,55.0
2011,Bowmore 15 Darkest,92.0
2012,Bowmore 15 Darkest,62.0
2015,Bowmore 15 Darkest,85.0
2016,Bowmore 15 Darkest,95.0
2018,Bowmore 15 Darkest,73.0
2021,Bowmore 15 Darkest,102.0
2022,Bowmore 15 Darkest,70.0
2025,Bowmore 15 Laimrig,100.0
2026,Bowmore 15 Laimrig,99.0
2042,Bowmore 18,127.0
2043,Bowmore 18,130.0
2047,Bowmore 18,115.0
2051,Bowmore 18,100.0
2065,Bowmore Devil's Cask,105.0
2066,Bowmore Devil's Cask,100.0
2069,Bowmore Legend,20.0
2070,Bowmore Legend,20.0
2071,Bowmore Legend,30.0
2072,Bowmore Legend,32.0
2073,Bowmore Legend,26.0
2074,Bowmore Legend,35.0
2075,Bowmore Legend,30.0
2076,Bowmore Legend,30.0
2078,Bowmore Legend,25.0
2079,Bowmore Legend,24.0
2080,Bowmore Legend,20.0
2091,Bowmore Tempest Batch 3,93.0
2183,Bruichladdich Black Art 2,230.0
2187,Bruichladdich Black Art 2,180.0
2189,Bruichladdich Black Art 2,190.0
2190,Bruichladdich Black Art 2,215.0
2191,Bruichladdich Black Art 2,150.0
2192,Bruichladdich Black Art 3,250.0
2194,Bruichladdich Black Art 3,189.0
2195,Bruichladdich Black Art 3,250.0
2211,Bruichladdich Golder Still,230.0
2212,Bruichladdich Golder Still,220.0
2213,Bruichladdich Golder Still,180.0
2222,Bruichladdich Islay Barley 2006,63.0
2223,Bruichladdich Islay Barley 2006,65.0
2225,Bruichladdich Islay Barley 2006,80.0
2226,Bruichladdich Islay Barley 2006,100.0
2227,Bruichladdich Islay Barley 2006,63.0
2239,Bruichladdich Octomore 6.1,113.0
2258,Bruichladdich Octomore 4.2_167 Comus ,150.0
2264,Bruichladdich Octomore 4.2_167 Comus ,180.0
2265,Bruichladdich Octomore 4.2_167 Comus ,175.0
2267,Bruichladdich Octomore 4.2_167 Comus ,170.0
2269,Bruichladdich Octomore 5.1,200.0
2271,Bruichladdich Octomore 5.1,169.0
2274,Bruichladdich Octomore 5.1,185.0
2275,Bruichladdich Octomore 5.1,185.0
2295,Bruichladdich Port Charlotte 10,74.0
2296,Bruichladdich Port Charlotte 10,50.0
2297,Bruichladdich Port Charlotte 10,70.0
2298,Bruichladdich Port Charlotte 10,55.0
2299,Bruichladdich Port Charlotte 10,58.0
2301,Bruichladdich Port Charlotte 10,53.0
2315,Bruichladdich Port Charlotte 7,130.0
2317,Bruichladdich Port Charlotte 7,89.0
2318,Bruichladdich Port Charlotte 7,90.0
2319,Bruichladdich Port Charlotte 7,125.0
2320,Bruichladdich Port Charlotte 7,70.0
2321,Bruichladdich Port Charlotte 7,100.0
2322,Bruichladdich Port Charlotte 7,85.0
2324,Bruichladdich Port Charlotte 7,100.0
2325,Bruichladdich Port Charlotte 7,110.0
2333,Bruichladdich Port Charlotte An Turas Mor,67.0
2338,Bruichladdich Port Charlotte An Turas Mor,60.0
2339,Bruichladdich Port Charlotte An Turas Mor,53.0
2342,Bruichladdich Port Charlotte An Turas Mor,82.0
2344,Bruichladdich Port Charlotte An Turas Mor,70.0
2345,Bruichladdich Port Charlotte An Turas Mor,70.0
2346,Bruichladdich Port Charlotte An Turas Mor,60.0
2350,Bruichladdich Port Charlotte The Peat Project,60.0
2351,Bruichladdich Port Charlotte The Peat Project,47.0
2353,Bruichladdich Port Charlotte The Peat Project,60.0
2355,Bruichladdich Port Charlotte The Peat Project,60.0
2356,Bruichladdich Port Charlotte The Peat Project,57.0
2357,Bruichladdich Port Charlotte The Peat Project,58.0
2358,Bruichladdich Port Charlotte Scottish Barley,70.0
2359,Bruichladdich Port Charlotte Scottish Barley,96.0
2360,Bruichladdich Port Charlotte Scottish Barley,55.0
2361,Bruichladdich Port Charlotte Scottish Barley,60.0
2363,Bruichladdich Port Charlotte Scottish Barley,65.0
2365,Bruichladdich Port Charlotte Scottish Barley,60.0
2366,Bruichladdich Port Charlotte The Peat Project,60.0
2369,Bruichladdich Port Charlotte The Peat Project,60.0
2376,Bruichladdich Rocks,44.0
2377,Bruichladdich Rocks,50.0
2382,Bruichladdich Rocks,44.0
2384,Bruichladdich Rocks,50.0
2385,Bruichladdich Rocks,48.0
2386,Bruichladdich Rocks,45.0
2387,Bruichladdich Rocks,40.0
2389,Bruichladdich Rocks,38.0
2390,Bruichladdich Rocks,37.0
2391,Bruichladdich Rocks,61.0
2392,Bruichladdich Rocks,46.0
2393,Bruichladdich Rocks,38.0
2396,Bruichladdich Rocks,40.0
2410,Bruichladdich The Laddie Sixteen,105.0
2412,Bruichladdich The Laddie Sixteen,88.0
2413,Bruichladdich The Laddie Ten,95.0
2414,Bruichladdich The Laddie Ten,62.0
2415,Bruichladdich The Laddie Ten,50.0
2416,Bruichladdich The Laddie Ten,50.0
2418,Bruichladdich The Laddie Ten,59.0
2419,Bruichladdich The Laddie Ten,55.0
2420,Bruichladdich The Laddie Ten,55.0
2422,Bruichladdich The Laddie Ten,40.0
2428,Bruichladdich The Laddie Ten,50.0
2430,Bruichladdich The Laddie Ten,50.0
2433,Bruichladdich The Laddie Ten,49.0
2434,Bruichladdich The Laddie Ten,85.0
2438,Bruichladdich The Laddie Ten,52.0
2439,Bruichladdich The Laddie Ten,60.0
2440,Bruichladdich The Laddie Ten,47.0
2442,Bruichladdich The Laddie Ten,47.0
2446,Bruichladdich The Laddie Ten,67.0
2447,Bruichladdich The Laddie Ten,56.0
2448,Bruichladdich The Laddie Ten,57.0
2451,Bruichladdich The Laddie Ten,55.0
2452,Bruichladdich The Laddie Ten,65.0
2453,Bruichladdich The Laddie Ten,46.0
2454,Bruichladdich The Laddie Ten,45.0
2455,Bruichladdich The Laddie Ten,50.0
2456,Bruichladdich The Laddie Ten,45.0
2457,Bruichladdich The Laddie Ten,45.0
2459,Bruichladdich The Laddie Ten,55.0
2460,Bruichladdich The Laddie Ten,57.0
2463,Bruichladdich The Laddie Ten,49.0
2465,Bruichladdich The Laddie Ten,60.0
2466,Bruichladdich The Laddie Ten,58.0
2467,Bruichladdich The Laddie Ten,66.0
2468,Bruichladdich The Laddie Ten,50.0
2471,Bruichladdich The Laddie Ten,55.0
2473,Bruichladdich The Laddie Ten,67.0
2477,Bruichladdich The Organic,65.0
2478,Bruichladdich The Organic,60.0
2479,Bruichladdich The Organic,70.0
2484,Bruichladdich Waves,90.0
2485,Bruichladdich Waves,90.0
2487,Bruichladdich Waves,60.0
2620,Bunnahabhain 12,50.0
2623,Bunnahabhain 12,35.0
2624,Bunnahabhain 12,45.0
2625,Bunnahabhain 12,90.0
2626,Bunnahabhain 12,80.0
2631,Bunnahabhain 12,45.0
2632,Bunnahabhain 12,60.0
2634,Bunnahabhain 12,56.0
2635,Bunnahabhain 12,56.0
2636,Bunnahabhain 12,45.0
2640,Bunnahabhain 12,85.0
2643,Bunnahabhain 12,50.0
2644,Bunnahabhain 12,46.0
2645,Bunnahabhain 12,50.0
2646,Bunnahabhain 12,69.0
2650,Bunnahabhain 12,55.0
2651,Bunnahabhain 12,59.0
2653,Bunnahabhain 12,80.0
2654,Bunnahabhain 12,55.0
2656,Bunnahabhain 12,67.0
2657,Bunnahabhain 12,100.0
2659,Bunnahabhain 12,50.0
2660,Bunnahabhain 12,44.0
2664,Bunnahabhain 12,43.0
2666,Bunnahabhain 12,48.0
2667,Bunnahabhain 12,45.0
2668,Bunnahabhain 12,70.0
2669,Bunnahabhain 12,50.0
2670,Bunnahabhain 12,55.0
2671,Bunnahabhain 12,50.0
2674,Bunnahabhain 12,45.0
2675,Bunnahabhain 12,45.0
2677,Bunnahabhain 12,49.0
2678,Bunnahabhain 12,60.0
2679,Bunnahabhain 12,44.0
2680,Bunnahabhain 12,50.0
2681,Bunnahabhain 12,50.0
2682,Bunnahabhain 12,45.0
2683,Bunnahabhain 12,55.0
2684,Bunnahabhain 12,55.0
2685,Bunnahabhain 12,47.0
2689,Bunnahabhain 13 Sigantory 1997 Heavily Peated,60.0
2690,Bunnahabhain 13 Sigantory 1997 Heavily Peated,60.0
2694,Bunnahabhain 18,161.0
2696,Bunnahabhain 18,100.0
2698,Bunnahabhain 18,120.0
2700,Bunnahabhain 18,115.0
2701,Bunnahabhain 18,117.0
2702,Bunnahabhain 18,130.0
2703,Bunnahabhain 18,99.0
2704,Bunnahabhain 18,110.0
2705,Bunnahabhain 18,90.0
2706,Bunnahabhain 18,110.0
2729,Bunnahabhain 25,350.0
2730,Bunnahabhain 25,465.0
2748,Bunnahabhain Toiteach,110.0
2749,Bunnahabhain Toiteach,80.0
2750,Bunnahabhain Toiteach,65.0
2753,Bunnahabhain Toiteach,95.0
2806,Caol Ila 12,62.0
2808,Caol Ila 12,52.0
2809,Caol Ila 12,76.0
2810,Caol Ila 12,60.0
2811,Caol Ila 12,56.0
2812,Caol Ila 12,55.0
2814,Caol Ila 12,70.0
2816,Caol Ila 12,60.0
2820,Caol Ila 12,86.0
2822,Caol Ila 12,60.0
2823,Caol Ila 12,55.0
2825,Caol Ila 12,50.0
2826,Caol Ila 12,59.0
2829,Caol Ila 12,50.0
2830,Caol Ila 12,50.0
2831,Caol Ila 12,55.0
2832,Caol Ila 12,50.0
2834,Caol Ila 12,115.0
2835,Caol Ila 12,50.0
2837,Caol Ila 12,55.0
2838,Caol Ila 12,50.0
2841,Caol Ila 12,60.0
2842,Caol Ila 12,55.0
2844,Caol Ila 12,53.0
2845,Caol Ila 12,68.0
2847,Caol Ila 12,53.0
2848,Caol Ila 12,44.0
2850,Caol Ila 12,52.0
2851,Caol Ila 12,50.0
2852,Caol Ila 12,43.0
2853,Caol Ila 12,60.0
2854,Caol Ila 12,60.0
2856,Caol Ila 12,55.0
2860,Caol Ila 12,55.0
2862,Caol Ila 12,72.0
2863,Caol Ila 12,50.0
2865,Caol Ila 12,65.0
2866,Caol Ila 12,50.0
2867,Caol Ila 12,53.0
2870,Caol Ila 12,55.0
2935,Bunnahabhain 25,350.0
2940,Caol Ila Cask Strength,75.0
2947,Caol Ila Distiller's Edition,70.0
2948,Caol Ila Distiller's Edition,99.0
2952,Caol Ila Distiller's Edition,80.0
2981,Caperdonich 18 year old signatory,80.0
2982,Caperdonich 18 year old signatory,74.0
2993,Cardhu 12,38.0
2994,Cardhu 12,50.0
2995,Cardhu 12,40.0
2996,Cardhu 12,55.0
2997,Cardhu 12,35.0
3001,Cardhu 12,76.0
3002,Cardhu 12,39.0
3003,Cardhu 12,54.0
3006,Cardhu 12,45.0
3007,Cardhu 12,38.0
3008,Cardhu 12,42.0
3018,Chivas Regal 12,40.0
3020,Chivas Regal 12,25.0
3022,Chivas Regal 12,50.0
3024,Chivas Regal 12,35.0
3029,Chivas Regal 12,35.0
3030,Chivas Regal 12,31.0
3031,Chivas Regal 12,47.0
3035,Chivas Regal 12,44.0
3036,Chivas Regal 12,35.0
3037,Chivas Regal 12,31.0
3040,Chivas Regal 12,22.0
3042,Chivas Regal 12,23.0
3043,Chivas Regal 12,28.0
3045,Chivas Regal 12,30.0
3049,Chivas Regal 12,23.0
3070,Clynelish 14,60.0
3072,Clynelish 14,79.0
3073,Clynelish 14,90.0
3074,Clynelish 14,73.0
3076,Clynelish 14,50.0
3077,Clynelish 14,45.0
3079,Clynelish 14,45.0
3080,Clynelish 14,55.0
3083,Clynelish 14,44.0
3084,Clynelish 14,65.0
3085,Clynelish 14,95.0
3086,Clynelish 14,70.0
3087,Clynelish 14,50.0
3089,Clynelish 14,33.0
3090,Clynelish 14,50.0
3091,Clynelish 14,45.0
3093,Clynelish 14,62.0
3179,Compass Box Asyla,40.0
3184,Compass Box Asyla,55.0
3185,Compass Box Asyla,50.0
3186,Compass Box Asyla,30.0
3187,Compass Box Asyla,49.0
3197,Compass Box Great King St - Artist's Blend,40.0
3198,Compass Box Great King St - Artist's Blend,38.0
3199,Compass Box Great King St - Artist's Blend,38.0
3200,Compass Box Great King St - Artist's Blend,60.0
3203,Compass Box Hedonism,97.0
3211,Compass Box Hedonism,97.0
3215,Compass Box Hedonism,90.0
3217,Compass Box Hedonism,80.0
3218,Compass Box Hedonism,100.0
3219,Compass Box Hedonism,90.0
3221,Compass Box Oak Cross,60.0
3223,Compass Box Oak Cross,57.0
3227,Compass Box Oak Cross,50.0
3229,Compass Box Oak Cross,47.0
3231,Compass Box Oak Cross,52.0
3232,Compass Box Oak Cross,55.0
3239,Compass Box Peat Monster,57.0
3240,Compass Box Peat Monster,48.0
3243,Compass Box Peat Monster,60.0
3244,Compass Box Peat Monster,42.0
3248,Compass Box Peat Monster,53.0
3249,Compass Box Peat Monster,50.0
3250,Compass Box Peat Monster,55.0
3253,Compass Box Spice Tree,60.0
3254,Compass Box Spice Tree,57.0
3257,Compass Box Spice Tree,60.0
3261,Compass Box Spice Tree,60.0
3262,Compass Box Spice Tree,59.0
3263,Compass Box Spice Tree,60.0
3264,Compass Box Spice Tree,46.0
3265,Compass Box Spice Tree,60.0
3266,Compass Box Spice Tree,64.0
3267,Compass Box Spice Tree,62.0
3271,Compass Box Spice Tree,58.0
3273,Compass Box Spice Tree,80.0
3299,Cragganmore 12,45.0
3302,Cragganmore 12,60.0
3303,Cragganmore 12,50.0
3305,Cragganmore 12,50.0
3306,Cragganmore 12,36.0
3307,Cragganmore 12,84.0
3309,Cragganmore 12,85.0
3310,Cragganmore 12,59.0
3312,Cragganmore 12,55.0
3314,Cragganmore 12,75.0
3315,Cragganmore 12,50.0
3316,Cragganmore 12,45.0
3318,Cragganmore 12,48.0
3320,Cragganmore 12,54.0
3321,Cragganmore 12,48.0
3322,Cragganmore 12,70.0
3323,Cragganmore 12,60.0
3325,Cragganmore 12,45.0
3326,Cragganmore 12,55.0
3328,Cragganmore 12,55.0
3379,Cutty Sark,25.0
3380,Cutty Sark,18.0
3382,Cutty Sark,20.0
3383,Cutty Sark,19.0
3384,Cutty Sark,27.0
3385,Cutty Sark,21.0
3387,Cutty Sark,19.0
3388,Cutty Sark,19.0
3417,Dalmore 12,34.0
3418,Dalmore 12,60.0
3421,Dalmore 12,50.0
3422,Dalmore 12,55.0
3423,Dalmore 12,39.0
3424,Dalmore 12,45.0
3428,Dalmore 12,59.0
3429,Dalmore 12,50.0
3431,Dalmore 12,30.0
3436,Dalmore 12,65.0
3437,Dalmore 12,48.0
3438,Dalmore 12,37.0
3439,Dalmore 12,48.0
3440,Dalmore 12,28.0
3443,Dalmore 1263 King Alexander III,230.0
3447,Dalmore 1263 King Alexander III,240.0
3450,Dalmore 15,53.0
3451,Dalmore 15,78.0
3453,Dalmore 15,70.0
3455,Dalmore 15,70.0
3459,Dalmore 15,70.0
3460,Dalmore 15,65.0
3462,Dalmore 15,75.0
3463,Dalmore 18,160.0
3464,Dalmore 18,150.0
3478,Dalmore Cigar Malt,125.0
3483,Dalwhinnie 15,55.0
3485,Dalwhinnie 15,89.0
3486,Dalwhinnie 15,45.0
3487,Dalwhinnie 15,83.0
3488,Dalwhinnie 15,60.0
3492,Dalwhinnie 15,65.0
3493,Dalwhinnie 15,60.0
3494,Dalwhinnie 15,60.0
3496,Dalwhinnie 15,60.0
3497,Dalwhinnie 15,64.0
3498,Dalwhinnie 15,75.0
3500,Dalwhinnie 15,50.0
3501,Dalwhinnie 15,96.0
3502,Dalwhinnie 15,44.0
3503,Dalwhinnie 15,47.0
3504,Dalwhinnie 15,49.0
3508,Dalwhinnie 15,58.0
3509,Dalwhinnie 15,63.0
3510,Dalwhinnie 15,56.0
3511,Dalwhinnie 15,60.0
3513,Dalwhinnie 15,60.0
3515,Dalwhinnie 15,35.0
3518,Dalwhinnie 15,90.0
3519,Dalwhinnie 15,60.0
3520,Dalwhinnie 15,53.0
3529,Deanston 12,70.0
3531,Deanston 12,60.0
3533,Deanston 12,45.0
3535,Deanston 12,50.0
3537,Deanston 12,40.0
3541,Deanston Virgin Oak,25.0
3542,Deanston Virgin Oak,27.0
3544,Deanston Virgin Oak,33.0
3546,Deanston Virgin Oak,29.0
3552,Dewar's 12,30.0
3555,Dewar's 12,33.0
3556,Dewar's 12,25.0
3560,Dewar's 12,22.0
3565,Dewar's White Label,22.0
3566,Dewar's White Label,25.0
3572,Dewar's White Label,17.0
3576,Dewar's White Label,23.0
3588,Dimple Pinch 15,36.0
3589,Dimple Pinch 15,30.0
3591,Dimple Pinch 15,22.0
3593,Dimple Pinch 15,37.0
3677,Edradour 10,89.0
3678,Edradour 10,55.0
3683,Edradour 10,55.0
3688,Edradour 10,55.0
3689,Edradour 10,50.0
3893,Evan Williams Single Barrel 2004,25.0
3896,Evan Williams Single Barrel 2004,29.0
3897,Evan Williams Single Barrel 2004,30.0
3898,Evan Williams Single Barrel 2004,21.0
3899,Evan Williams Single Barrel 2004,21.0
3901,Evan Williams Single Barrel 2004,30.0
3909,Famous Grouse,30.0
3910,Famous Grouse,30.0
3911,Famous Grouse,20.0
3913,Famous Grouse,25.0
3914,Famous Grouse,21.0
3915,Famous Grouse,36.0
3935,Finlaggan Old Reserve,30.0
3937,Finlaggan Old Reserve,18.0
3941,Finlaggan Old Reserve,20.0
3942,Finlaggan Old Reserve,19.0
3944,Finlaggan Old Reserve,19.0
3945,Finlaggan Old Reserve,33.0
3946,Finlaggan Old Reserve,19.0
3947,Finlaggan Old Reserve,29.0
3949,Finlaggan Old Reserve,19.0
4251,Glen Elgin 12,56.0
4258,Glen Garioch 12,48.0
4261,Glen Garioch 12,30.0
4262,Glen Garioch 12,58.0
4281,Glen Garioch Founder's Reserve,48.0
4282,Glen Garioch Founder's Reserve,60.0
4283,Glen Garioch Founder's Reserve,40.0
4284,Glen Garioch Founder's Reserve,36.0
4287,Glen Garioch Founder's Reserve,45.0
4288,Glen Garioch Founder's Reserve,37.0
4289,Glen Garioch Founder's Reserve,55.0
4291,Glen Garioch Founder's Reserve,40.0
4294,Glen Grant 10,55.0
4297,Glen Grant 10,48.0
4299,Glen Grant 10,45.0
4300,Glen Grant 10,42.0
4314,Glen Grant 52 year old 1958 Gordon MacPhail,600.0
4315,Glen Grant 52 year old 1958 Gordon MacPhail,600.0
4328,Glen Mhor 29 (1982) Signatory Cask Strength,430.0
4387,GlenDronach 12 Original,59.0
4391,GlenDronach 12 Original,50.0
4394,GlenDronach 12 Original,50.0
4395,GlenDronach 12 Original,45.0
4397,GlenDronach 12 Original,63.0
4398,GlenDronach 12 Original,70.0
4399,GlenDronach 12 Original,51.0
4401,GlenDronach 12 Original,60.0
4402,GlenDronach 12 Original,39.0
4405,GlenDronach 12 Original,59.0
4406,GlenDronach 12 Original,38.0
4408,GlenDronach 12 Original,50.0
4409,GlenDronach 12 Original,60.0
4410,GlenDronach 12 Original,80.0
4411,GlenDronach 12 Original,37.0
4412,GlenDronach 12 Original,50.0
4413,GlenDronach 12 Original,45.0
4414,GlenDronach 12 Original,50.0
4424,GlenDronach 15 Revival,91.0
4425,GlenDronach 15 Revival,60.0
4428,GlenDronach 15 Revival,80.0
4430,GlenDronach 15 Revival,90.0
4431,GlenDronach 15 Revival,90.0
4434,GlenDronach 15 Revival,90.0
4436,GlenDronach 15 Revival,90.0
4439,GlenDronach 15 Revival,101.0
4440,GlenDronach 15 Revival,75.0
4442,GlenDronach 15 Revival,80.0
4443,GlenDronach 15 Revival,80.0
4444,GlenDronach 15 Revival,80.0
4446,GlenDronach 15 Revival,92.0
4448,GlenDronach 15 Revival,90.0
4451,GlenDronach 15 Revival,85.0
4452,GlenDronach 15 Revival,75.0
4453,GlenDronach 15 Revival,80.0
4454,GlenDronach 15 Revival,99.0
4455,GlenDronach 15 Revival,100.0
4456,GlenDronach 15 Revival,78.0
4468,GlenDronach 18 Allardice,130.0
4490,GlenDronach 21 Parliament,160.0
4507,GlenDronach Cask Strength,84.0
4508,GlenDronach Cask Strength,84.0
4509,GlenDronach Cask Strength,110.0
4511,GlenDronach Cask Strength,75.0
4515,GlenDronach Cask Strength,78.0
4524,Glenfarclas 10,59.0
4526,Glenfarclas 10,43.0
4528,Glenfarclas 10,38.0
4532,Glenfarclas 10,39.0
4541,Glenfarclas 105 Cask Strength,70.0
4542,Glenfarclas 105 Cask Strength,105.0
4544,Glenfarclas 105 Cask Strength,75.0
4545,Glenfarclas 105 Cask Strength,113.0
4547,Glenfarclas 105 Cask Strength,80.0
4549,Glenfarclas 105 Cask Strength,85.0
4550,Glenfarclas 105 Cask Strength,80.0
4551,Glenfarclas 105 Cask Strength,87.0
4552,Glenfarclas 105 Cask Strength,73.0
4553,Glenfarclas 105 Cask Strength,90.0
4557,Glenfarclas 105 Cask Strength,65.0
4558,Glenfarclas 105 Cask Strength,110.0
4560,Glenfarclas 105 Cask Strength,80.0
4562,Glenfarclas 105 Cask Strength,75.0
4564,Glenfarclas 105 Cask Strength,75.0
4566,Glenfarclas 105 Cask Strength,80.0
4567,Glenfarclas 105 Cask Strength,85.0
4569,Glenfarclas 105 Cask Strength,67.0
4571,Glenfarclas 105 Cask Strength,100.0
4572,Glenfarclas 105 Cask Strength,65.0
4574,Glenfarclas 12,35.0
4576,Glenfarclas 12,75.0
4578,Glenfarclas 12,43.0
4579,Glenfarclas 12,64.0
4580,Glenfarclas 12,51.0
4582,Glenfarclas 12,50.0
4583,Glenfarclas 12,60.0
4584,Glenfarclas 12,35.0
4585,Glenfarclas 12,43.0
4588,Glenfarclas 12,50.0
4589,Glenfarclas 12,50.0
4590,Glenfarclas 12,57.0
4591,Glenfarclas 12,35.0
4592,Glenfarclas 12,53.0
4593,Glenfarclas 12,54.0
4594,Glenfarclas 12,57.0
4595,Glenfarclas 12,46.0
4598,Glenfarclas 12,55.0
4600,Glenfarclas 12,45.0
4602,Glenfarclas 12,70.0
4603,Glenfarclas 12,38.0
4606,Glenfarclas 12,56.0
4607,Glenfarclas 12,45.0
4609,Glenfarclas 12,46.0
4611,Glenfarclas 12,52.0
4612,Glenfarclas 12,54.0
4613,Glenfarclas 12,50.0
4618,Glenfarclas 15,87.0
4623,Glenfarclas 15,60.0
4625,Glenfarclas 15,98.0
4626,Glenfarclas 15,123.0
4627,Glenfarclas 15,80.0
4628,Glenfarclas 15,64.0
4631,Glenfarclas 15,107.0
4632,Glenfarclas 15,83.0
4637,Glenfarclas 17,55.0
4639,Glenfarclas 17,88.0
4640,Glenfarclas 17,74.0
4643,Glenfarclas 17,103.0
4644,Glenfarclas 17,82.0
4648,Glenfarclas 17,100.0
4662,Glenfarclas 21,121.0
4667,Glenfarclas 21,140.0
4673,Glenfarclas 21,110.0
4679,Glenfarclas 25,140.0
4680,Glenfarclas 25,145.0
4681,Glenfarclas 25,130.0
4682,Glenfarclas 25,135.0
4683,Glenfarclas 25,160.0
4685,Glenfarclas 25,180.0
4689,Glenfarclas 31 Port Cask,520.0
4696,Glenfarclas 40,380.0
4697,Glenfarclas 40,420.0
4698,Glenfarclas 40,420.0
4700,Glenfarclas 40,420.0
4702,Glenfarclas 40,399.0
4710,Glenfiddich 12,39.0
4713,Glenfiddich 12,40.0
4715,Glenfiddich 12,60.0
4717,Glenfiddich 12,45.0
4720,Glenfiddich 12,40.0
4722,Glenfiddich 12,33.0
4723,Glenfiddich 12,30.0
4724,Glenfiddich 12,30.0
4726,Glenfiddich 12,39.0
4727,Glenfiddich 12,52.0
4729,Glenfiddich 12,33.0
4730,Glenfiddich 12,49.0
4731,Glenfiddich 12,35.0
4733,Glenfiddich 12,56.0
4734,Glenfiddich 12,45.0
4735,Glenfiddich 12,33.0
4736,Glenfiddich 12,55.0
4737,Glenfiddich 12,46.0
4738,Glenfiddich 12,40.0
4739,Glenfiddich 12,45.0
4741,Glenfiddich 12,40.0
4748,Glenfiddich 12,35.0
4749,Glenfiddich 12,34.0
4753,Glenfiddich 12,55.0
4755,Glenfiddich 12,35.0
4756,Glenfiddich 12,28.0
4758,Glenfiddich 12,33.0
4760,Glenfiddich 12,38.0
4763,Glenfiddich 12,40.0
4766,Glenfiddich 12,29.0
4767,Glenfiddich 12,30.0
4770,Glenfiddich 12,41.0
4771,Glenfiddich 12,27.0
4772,Glenfiddich 12,30.0
4773,Glenfiddich 12,35.0
4774,Glenfiddich 12,39.0
4775,Glenfiddich 12,40.0
4776,Glenfiddich 12,24.0
4777,Glenfiddich 12,44.0
4778,Glenfiddich 12,40.0
4780,Glenfiddich 12,33.0
4781,Glenfiddich 12,45.0
4782,Glenfiddich 12,28.0
4784,Glenfiddich 12,28.0
4785,Glenfiddich 12,60.0
4786,Glenfiddich 12,30.0
4787,Glenfiddich 12,38.0
4788,Glenfiddich 12,30.0
4791,Glenfiddich 12,42.0
4792,Glenfiddich 12,45.0
4793,Glenfiddich 12,26.0
4796,Glenfiddich 12,26.0
4798,Glenfiddich 12,30.0
4800,Glenfiddich 12,53.0
4802,Glenfiddich 12,44.0
4804,Glenfiddich 12,40.0
4805,Glenfiddich 12,27.0
4806,Glenfiddich 12,55.0
4813,Glenfiddich 14 Rich Oak,38.0
4815,Glenfiddich 14 Rich Oak,60.0
4817,Glenfiddich 14 Rich Oak,54.0
4822,Glenfiddich 15,57.0
4827,Glenfiddich 15,40.0
4829,Glenfiddich 15,33.0
4830,Glenfiddich 15,60.0
4831,Glenfiddich 15,52.0
4834,Glenfiddich 15,95.0
4837,Glenfiddich 15,70.0
4839,Glenfiddich 15,43.0
4840,Glenfiddich 15,58.0
4843,Glenfiddich 15,50.0
4844,Glenfiddich 15,45.0
4849,Glenfiddich 15,55.0
4851,Glenfiddich 15,75.0
4853,Glenfiddich 15,60.0
4855,Glenfiddich 15,70.0
4856,Glenfiddich 15,75.0
4857,Glenfiddich 15,46.0
4859,Glenfiddich 15,60.0
4860,Glenfiddich 15,49.0
4861,Glenfiddich 15,70.0
4862,Glenfiddich 15,54.0
4864,Glenfiddich 15,16.0
4868,Glenfiddich 15 Distillery Edition,100.0
4869,Glenfiddich 15 Distillery Edition,50.0
4873,Glenfiddich 15 Distillery Edition,100.0
4874,Glenfiddich 15 Distillery Edition,70.0
4875,Glenfiddich 15 Distillery Edition,45.0
4877,Glenfiddich 15 Distillery Edition,60.0
4881,Glenfiddich 18,100.0
4882,Glenfiddich 18,66.0
4886,Glenfiddich 18,134.0
4888,Glenfiddich 18,79.0
4890,Glenfiddich 18,90.0
4899,Glenfiddich 18,60.0
4907,Glenfiddich 18,80.0
4908,Glenfiddich 18,70.0
4909,Glenfiddich 18,62.0
4910,Glenfiddich 18,99.0
4911,Glenfiddich 18,90.0
4912,Glenfiddich 18,83.0
4914,Glenfiddich 18,69.0
4916,Glenfiddich 18,30.0
4925,Glenfiddich 21 Gran Reserva,136.0
4927,Glenfiddich 21 Gran Reserva,200.0
4929,Glenfiddich 21 Gran Reserva,241.0
4931,Glenfiddich 21 Gran Reserva,230.0
4932,Glenfiddich 21 Gran Reserva,190.0
4950,Glenfiddich Snow Phoenix,250.0
4953,Glenfiddich Snow Phoenix,99.0
4962,Glengoyne 10,53.0
4964,Glengoyne 10,45.0
4967,Glengoyne 10,40.0
4969,Glengoyne 10,37.0
4974,Glengoyne 12 Cask Strength,73.0
4975,Glengoyne 12 Cask Strength,70.0
4977,Glengoyne 12 Cask Strength,70.0
4978,Glengoyne 12 Cask Strength,70.0
4980,Glengoyne 17,50.0
4984,Glengoyne 17,50.0
4987,Glengoyne 17,58.0
4988,Glengoyne 17,70.0
4992,Glengoyne 17,50.0
5011,Glenkinchie 12,85.0
5012,Glenkinchie 12,70.0
5015,Glenkinchie 12,43.0
5016,Glenkinchie 12,70.0
5019,Glenkinchie 12,60.0
5020,Glenkinchie 12,40.0
5022,Glenkinchie 12,44.0
5027,Glenkinchie 12,34.0
5040,Glenlivet 12,3.0
5043,Glenlivet 12,38.0
5044,Glenlivet 12,35.0
5045,Glenlivet 12,45.0
5046,Glenlivet 12,30.0
5047,Glenlivet 12,35.0
5048,Glenlivet 12,37.0
5053,Glenlivet 12,26.0
5055,Glenlivet 12,40.0
5058,Glenlivet 12,45.0
5064,Glenlivet 12,47.0
5065,Glenlivet 12,36.0
5067,Glenlivet 12,30.0
5068,Glenlivet 12,44.0
5069,Glenlivet 12,43.0
5070,Glenlivet 12,35.0
5072,Glenlivet 12,32.0
5073,Glenlivet 12,38.0
5074,Glenlivet 12,30.0
5075,Glenlivet 12,34.0
5076,Glenlivet 12,30.0
5080,Glenlivet 12,45.0
5083,Glenlivet 12,25.0
5084,Glenlivet 12,37.0
5085,Glenlivet 12,32.0
5086,Glenlivet 12,36.0
5087,Glenlivet 12,30.0
5088,Glenlivet 12,33.0
5089,Glenlivet 12,48.0
5091,Glenlivet 12,49.0
5092,Glenlivet 12,25.0
5095,Glenlivet 12,30.0
5096,Glenlivet 12,30.0
5098,Glenlivet 12,42.0
5099,Glenlivet 12,35.0
5100,Glenlivet 12,36.0
5102,Glenlivet 12,32.0
5104,Glenlivet 12,23.0
5105,Glenlivet 12,45.0
5106,Glenlivet 12,30.0
5109,Glenlivet 12,42.0
5110,Glenlivet 12,23.0
5111,Glenlivet 12,41.0
5113,Glenlivet 12,40.0
5114,Glenlivet 12,44.0
5116,Glenlivet 12,46.0
5117,Glenlivet 12,40.0
5127,Glenlivet 15 French Oak Reserve,48.0
5131,Glenlivet 15 French Oak Reserve,65.0
5133,Glenlivet 15 French Oak Reserve,43.0
5137,Glenlivet 15 French Oak Reserve,60.0
5138,Glenlivet 15 French Oak Reserve,48.0
5141,Glenlivet 15 French Oak Reserve,64.0
5143,Glenlivet 15 French Oak Reserve,40.0
5144,Glenlivet 15 French Oak Reserve,50.0
5145,Glenlivet 15 French Oak Reserve,60.0
5147,Glenlivet 15 French Oak Reserve,57.0
5148,Glenlivet 15 French Oak Reserve,57.0
5153,Glenlivet 15 French Oak Reserve,55.0
5154,Glenlivet 15 French Oak Reserve,55.0
5163,Glenlivet 16 Nadurra,90.0
5169,Glenlivet 16 Nadurra,103.0
5172,Glenlivet 16 Nadurra,77.0
5176,Glenlivet 16 Nadurra,75.0
5177,Glenlivet 16 Nadurra,85.0
5179,Glenlivet 16 Nadurra,63.0
5180,Glenlivet 16 Nadurra,84.0
5181,Glenlivet 16 Nadurra,60.0
5185,Glenlivet 16 Nadurra,65.0
5187,Glenlivet 16 Nadurra,64.0
5189,Glenlivet 16 Nadurra,39.0
5190,Glenlivet 16 Nadurra,74.0
5192,Glenlivet 16 Nadurra,43.0
5194,Glenlivet 16 Nadurra,65.0
5197,Glenlivet 16 Nadurra,63.0
5200,Glenlivet 16 Nadurra,65.0
5202,Glenlivet 16 Nadurra,65.0
5203,Glenlivet 16 Nadurra,60.0
5206,Glenlivet 16 Nadurra,60.0
5208,Glenlivet 16 Nadurra,90.0
5209,Glenlivet 16 Nadurra,90.0
5210,Glenlivet 16 Nadurra,60.0
5214,Glenlivet 18,101.0
5215,Glenlivet 18,90.0
5218,Glenlivet 18,100.0
5219,Glenlivet 18,75.0
5223,Glenlivet 18,115.0
5224,Glenlivet 18,100.0
5225,Glenlivet 18,110.0
5229,Glenlivet 18,90.0
5231,Glenlivet 18,67.0
5233,Glenlivet 18,105.0
5235,Glenlivet 18,75.0
5237,Glenlivet 18,90.0
5239,Glenlivet 18,40.0
5242,Glenlivet 18,100.0
5248,Glenlivet 21 Archive,85.0
5252,Glenlivet 21 Archive,135.0
5253,Glenlivet 21 Archive,225.0
5257,Glenlivet 21 Archive,160.0
5258,Glenlivet 21 Archive,135.0
5268,Glenlivet 25,299.0
5284,Glenlochy 31 year 1980 signatory,399.0
5287,Glenlochy 31 year 1980 signatory,450.0
5288,Glenlochy 31 year 1980 signatory,449.0
5293,Glenlossie 19 year old 1992 signatory,80.0
5300,Glenmorangie 10 Original,70.0
5301,Glenmorangie 10 Original,35.0
5304,Glenmorangie 10 Original,38.0
5305,Glenmorangie 10 Original,67.0
5307,Glenmorangie 10 Original,39.0
5308,Glenmorangie 10 Original,38.0
5309,Glenmorangie 10 Original,34.0
5311,Glenmorangie 10 Original,24.0
5312,Glenmorangie 10 Original,40.0
5313,Glenmorangie 10 Original,33.0
5314,Glenmorangie 10 Original,33.0
5315,Glenmorangie 10 Original,34.0
5316,Glenmorangie 10 Original,69.0
5318,Glenmorangie 10 Original,30.0
5321,Glenmorangie 10 Original,52.0
5326,Glenmorangie 10 Original,40.0
5327,Glenmorangie 10 Original,40.0
5328,Glenmorangie 10 Original,36.0
5329,Glenmorangie 10 Original,62.0
5332,Glenmorangie 10 Original,40.0
5335,Glenmorangie 10 Original,45.0
5339,Glenmorangie 10 Original,39.0
5340,Glenmorangie 10 Original,40.0
5341,Glenmorangie 10 Original,40.0
5342,Glenmorangie 10 Original,40.0
5344,Glenmorangie 10 Original,32.0
5345,Glenmorangie 10 Original,40.0
5346,Glenmorangie 10 Original,47.0
5347,Glenmorangie 10 Original,29.0
5348,Glenmorangie 10 Original,68.0
5349,Glenmorangie 10 Original,40.0
5351,Glenmorangie 10 Original,40.0
5352,Glenmorangie 10 Original,38.0
5353,Glenmorangie 10 Original,30.0
5354,Glenmorangie 10 Original,45.0
5356,Glenmorangie 10 Original,65.0
5359,Glenmorangie 10 Original,35.0
5360,Glenmorangie 10 Original,40.0
5361,Glenmorangie 10 Original,36.0
5364,Glenmorangie 10 Original,40.0
5365,Glenmorangie 10 Original,40.0
5366,Glenmorangie 10 Original,36.0
5367,Glenmorangie 10 Original,115.0
5368,Glenmorangie 10 Original,35.0
5369,Glenmorangie 10 Original,29.0
5370,Glenmorangie 10 Original,35.0
5371,Glenmorangie 10 Original,42.0
5372,Glenmorangie 10 Original,30.0
5373,Glenmorangie 10 Original,40.0
5374,Glenmorangie 10 Original,36.0
5375,Glenmorangie 10 Original,36.0
5376,Glenmorangie 10 Original,38.0
5377,Glenmorangie 10 Original,41.0
5378,Glenmorangie 10 Original,40.0
5379,Glenmorangie 10 Original,35.0
5383,Glenmorangie 10 Original,70.0
5384,Glenmorangie 10 Original,35.0
5385,Glenmorangie 10 Original,54.0
5391,Glenmorangie 18,90.0
5392,Glenmorangie 18,100.0
5393,Glenmorangie 18,100.0
5397,Glenmorangie 18,85.0
5398,Glenmorangie 18,85.0
5401,Glenmorangie 18,80.0
5404,Glenmorangie Artein,85.0
5407,Glenmorangie Artein,80.0
5408,Glenmorangie Artein,84.0
5410,Glenmorangie Artein,65.0
5412,Glenmorangie Artein,80.0
5413,Glenmorangie Artein,106.0
5414,Glenmorangie Artein,84.0
5415,Glenmorangie Artein,80.0
5420,Glenmorangie Astar,64.0
5421,Glenmorangie Astar,90.0
5424,Glenmorangie Astar,80.0
5425,Glenmorangie Astar,75.0
5426,Glenmorangie Astar,100.0
5427,Glenmorangie Astar,46.0
5430,Glenmorangie Astar,128.0
5431,Glenmorangie Astar,80.0
5432,Glenmorangie Astar,80.0
5433,Glenmorangie Astar,70.0
5434,Glenmorangie Astar,76.0
5436,Glenmorangie Astar,95.0
5445,Glenmorangie Ealanta,100.0
5448,Glenmorangie Ealanta,83.0
5449,Glenmorangie Ealanta,187.0
5451,Glenmorangie Ealanta,140.0
5452,Glenmorangie Ealanta,110.0
5453,Glenmorangie Ealanta,110.0
5455,Glenmorangie Ealanta,160.0
5457,Glenmorangie Ealanta,125.0
5458,Glenmorangie Ealanta,115.0
5459,Glenmorangie Ealanta,76.0
5469,Glenmorangie Lasanta,46.0
5475,Glenmorangie Lasanta,50.0
5477,Glenmorangie Lasanta,53.0
5479,Glenmorangie Lasanta,46.0
5480,Glenmorangie Lasanta,50.0
5482,Glenmorangie Lasanta,50.0
5483,Glenmorangie Lasanta,45.0
5485,Glenmorangie Lasanta,55.0
5486,Glenmorangie Lasanta,80.0
5488,Glenmorangie Lasanta,50.0
5490,Glenmorangie Lasanta,45.0
5491,Glenmorangie Lasanta,45.0
5492,Glenmorangie Lasanta,44.0
5498,Glenmorangie Nectar D'Or,70.0
5501,Glenmorangie Nectar D'Or,89.0
5506,Glenmorangie Nectar D'Or,79.0
5511,Glenmorangie Nectar D'Or,60.0
5514,Glenmorangie Nectar D'Or,60.0
5515,Glenmorangie Nectar D'Or,60.0
5516,Glenmorangie Nectar D'Or,55.0
5520,Glenmorangie Nectar D'Or,80.0
5521,Glenmorangie Nectar D'Or,50.0
5523,Glenmorangie Nectar D'Or,78.0
5524,Glenmorangie Nectar D'Or,63.0
5526,Glenmorangie Nectar D'Or,65.0
5528,Glenmorangie Nectar D'Or,90.0
5532,Glenmorangie Nectar D'Or,60.0
5533,Glenmorangie Nectar D'Or,70.0
5539,Glenmorangie Quinta Ruban,35.0
5542,Glenmorangie Quinta Ruban,40.0
5543,Glenmorangie Quinta Ruban,53.0
5544,Glenmorangie Quinta Ruban,50.0
5545,Glenmorangie Quinta Ruban,48.0
5550,Glenmorangie Quinta Ruban,50.0
5552,Glenmorangie Quinta Ruban,75.0
5553,Glenmorangie Quinta Ruban,36.0
5558,Glenmorangie Quinta Ruban,80.0
5560,Glenmorangie Quinta Ruban,50.0
5565,Glenmorangie Quinta Ruban,65.0
5566,Glenmorangie Quinta Ruban,35.0
5567,Glenmorangie Quinta Ruban,53.0
5569,Glenmorangie Quinta Ruban,50.0
5570,Glenmorangie Quinta Ruban,50.0
5571,Glenmorangie Quinta Ruban,46.0
5572,Glenmorangie Quinta Ruban,46.0
5573,Glenmorangie Quinta Ruban,55.0
5577,Glenmorangie Quinta Ruban,62.0
5578,Glenmorangie Quinta Ruban,50.0
5579,Glenmorangie Quinta Ruban,60.0
5580,Glenmorangie Quinta Ruban,55.0
5581,Glenmorangie Quinta Ruban,49.0
5582,Glenmorangie Quinta Ruban,40.0
5584,Glenmorangie Quinta Ruban,65.0
5588,Glenmorangie Quinta Ruban,45.0
5590,Glenmorangie Quinta Ruban,44.0
5592,Glenmorangie Quinta Ruban,82.0
5594,Glenmorangie Quinta Ruban,65.0
5597,Glenmorangie Quinta Ruban,75.0
5598,Glenmorangie Quinta Ruban,44.0
5600,Glenmorangie Quinta Ruban,45.0
5603,Glenmorangie Quinta Ruban,50.0
5604,Glenmorangie Quinta Ruban,50.0
5605,Glenmorangie Quinta Ruban,25.0
5608,Glenmorangie Signet,210.0
5637,Glenrothes 1998,59.0
5638,Glenrothes 1998,60.0
5640,Glenrothes 1998,46.0
5642,Glenrothes 1998,46.0
5643,Glenrothes 1998,60.0
5644,Glenrothes 1998,60.0
5660,Glenrothes Select Reserve,44.0
5661,Glenrothes Select Reserve,45.0
5662,Glenrothes Select Reserve,31.0
5663,Glenrothes Select Reserve,55.0
5664,Glenrothes Select Reserve,70.0
5665,Glenrothes Select Reserve,34.0
5676,Glentauchers 16 Gordon Macphail,55.0
5765,Hazelburn 8,72.0
5766,Hazelburn 8,70.0
5767,Hazelburn 8,72.0
5768,Hazelburn 8,60.0
5769,Hazelburn 8,70.0
6162,Highland Park 8 MacPhails Collection,35.0
6165,Highland Park 8 MacPhails Collection,34.0
6166,Highland Park 8 MacPhails Collection,30.0
6241,Isle of Skye 8 (Ian Macleod),27.0
6243,Isle of Skye 8 (Ian Macleod),30.0
6244,Isle of Skye 8 (Ian Macleod),23.0
6252,J&B Rare,22.0
6436,Johnnie Walker Black Label,30.0
6437,Johnnie Walker Black Label,50.0
6442,Johnnie Walker Black Label,25.0
6444,Johnnie Walker Black Label,54.0
6445,Johnnie Walker Black Label,33.0
6446,Johnnie Walker Black Label,45.0
6448,Johnnie Walker Black Label,30.0
6449,Johnnie Walker Black Label,35.0
6451,Johnnie Walker Black Label,28.0
6452,Johnnie Walker Black Label,39.0
6454,Johnnie Walker Black Label,39.0
6455,Johnnie Walker Black Label,50.0
6457,Johnnie Walker Black Label,30.0
6458,Johnnie Walker Black Label,30.0
6459,Johnnie Walker Black Label,20.0
6460,Johnnie Walker Black Label,33.0
6463,Johnnie Walker Black Label,45.0
6464,Johnnie Walker Black Label,45.0
6465,Johnnie Walker Black Label,25.0
6466,Johnnie Walker Black Label,52.0
6467,Johnnie Walker Black Label,30.0
6470,Johnnie Walker Black Label,25.0
6471,Johnnie Walker Black Label,46.0
6473,Johnnie Walker Black Label,28.0
6474,Johnnie Walker Black Label,26.0
6475,Johnnie Walker Black Label,45.0
6477,Johnnie Walker Black Label,35.0
6479,Johnnie Walker Black Label,30.0
6482,Johnnie Walker Black Label,44.0
6483,Johnnie Walker Black Label,38.0
6485,Johnnie Walker Black Label,27.0
6486,Johnnie Walker Black Label,28.0
6489,Johnnie Walker Black Label,30.0
6490,Johnnie Walker Black Label,28.0
6491,Johnnie Walker Black Label,45.0
6492,Johnnie Walker Black Label,55.0
6493,Johnnie Walker Black Label,35.0
6494,Johnnie Walker Black Label,46.0
6500,Johnnie Walker Blue Label,210.0
6502,Johnnie Walker Blue Label,150.0
6503,Johnnie Walker Blue Label,140.0
6507,Johnnie Walker Blue Label,60.0
6509,Johnnie Walker Blue Label,212.0
6520,Johnnie Walker Double Black,32.0
6521,Johnnie Walker Double Black,40.0
6522,Johnnie Walker Double Black,35.0
6523,Johnnie Walker Double Black,40.0
6524,Johnnie Walker Double Black,50.0
6529,Johnnie Walker Double Black,35.0
6538,Johnnie Walker Gold Label,79.0
6540,Johnnie Walker Gold Label,40.0
6541,Johnnie Walker Gold Label,85.0
6551,Johnnie Walker Green Label,42.0
6552,Johnnie Walker Green Label,70.0
6556,Johnnie Walker Green Label,60.0
6557,Johnnie Walker Green Label,60.0
6559,Johnnie Walker Green Label,65.0
6560,Johnnie Walker Green Label,65.0
6561,Johnnie Walker Green Label,80.0
6562,Johnnie Walker Green Label,70.0
6566,Johnnie Walker Green Label,60.0
6567,Johnnie Walker Green Label,55.0
6569,Johnnie Walker Green Label,60.0
6570,Johnnie Walker Green Label,51.0
6576,Johnnie Walker Green Label,52.0
6578,Johnnie Walker Green Label,40.0
6580,Johnnie Walker Green Label,75.0
6581,Johnnie Walker Green Label,60.0
6582,Johnnie Walker Green Label,35.0
6584,Johnnie Walker Green Label,60.0
6585,Johnnie Walker Green Label,75.0
6586,Johnnie Walker Green Label,75.0
6587,Johnnie Walker Green Label,55.0
6588,Johnnie Walker Green Label,50.0
6591,Johnnie Walker Green Label,60.0
6593,Johnnie Walker Green Label,55.0
6594,Johnnie Walker Green Label,55.0
6595,Johnnie Walker Green Label,55.0
6596,Johnnie Walker Green Label,80.0
6600,Johnnie Walker Platinum Label,99.0
6605,Johnnie Walker Platinum Label,67.0
6606,Johnnie Walker Platinum Label,120.0
6607,Johnnie Walker Platinum Label,100.0
6611,Johnnie Walker Red Label,21.0
6613,Johnnie Walker Red Label,25.0
6617,Johnnie Walker Red Label,20.0
6622,Johnnie Walker Red Label,26.0
6623,Johnnie Walker Red Label,25.0
6624,Johnnie Walker Red Label,23.0
6625,Johnnie Walker Red Label,28.0
6627,Johnnie Walker Red Label,36.0
6628,Johnnie Walker Red Label,24.0
6630,Johnnie Walker Red Label,23.0
6631,Johnnie Walker Red Label,27.0
6634,Johnnie Walker Red Label,23.0
6637,Johnnie Walker Red Label,20.0
6638,Johnnie Walker Red Label,19.0
6641,Johnnie Walker Red Label,29.0
6642,Johnnie Walker Red Label,30.0
6644,Johnnie Walker Red Label,20.0
6649,Johnnie Walker Red Label,24.0
6659,Johnnie Walker Swing,60.0
6660,Johnnie Walker Swing,65.0
6792,Kilchoman 100% Islay 3rd Edition,110.0
6793,Kilchoman 100% Islay 3rd Edition,80.0
6794,Kilchoman 100% Islay 3rd Edition,70.0
6818,Kilchoman Loch Gorm,80.0
6819,Kilchoman Loch Gorm,80.0
6820,Kilchoman Loch Gorm,95.0
6822,Kilchoman Loch Gorm,140.0
6825,Kilchoman Loch Gorm,80.0
6828,Kilchoman Machir Bay,54.0
6829,Kilchoman Machir Bay,60.0
6830,Kilchoman Machir Bay,64.0
6831,Kilchoman Machir Bay,60.0
6832,Kilchoman Machir Bay,65.0
6833,Kilchoman Machir Bay,60.0
6834,Kilchoman Machir Bay,53.0
6839,Kilchoman Machir Bay,55.0
6841,Kilchoman Machir Bay,50.0
6842,Kilchoman Machir Bay,50.0
6844,Kilchoman Machir Bay,50.0
6845,Kilchoman Machir Bay,83.0
6849,Kilchoman Machir Bay,80.0
6853,Kilchoman Machir Bay,50.0
6857,Kilchoman Machir Bay,54.0
6858,Kilchoman Machir Bay,55.0
6862,Kilchoman Machir Bay,50.0
6863,Kilchoman Machir Bay,50.0
6864,Kilchoman Machir Bay,55.0
6865,Kilchoman Machir Bay,55.0
6904,Kilkerran Work In Progress 5 Sherry Wood,57.0
6917,Kirkland Signature 20 Speyside Sherry Cask Finish,45.0
6918,Kirkland Signature 20 Speyside Sherry Cask Finish,45.0
6919,Kirkland Signature 20 Speyside Sherry Cask Finish,45.0
6921,Kirkland Signature 20 Speyside Sherry Cask Finish,45.0
6922,Kirkland Signature 20 Speyside Sherry Cask Finish,45.0
6923,Kirkland Signature 20 Speyside Sherry Cask Finish,45.0
6995,Lagavulin 12,120.0
6996,Lagavulin 12,90.0
6998,Lagavulin 12,100.0
6999,Lagavulin 12,98.0
7000,Lagavulin 12,115.0
7002,Lagavulin 12,76.0
7006,Lagavulin 12,109.0
7007,Lagavulin 12,76.0
7008,Lagavulin 12,75.0
7009,Lagavulin 12,90.0
7010,Lagavulin 12,90.0
7011,Lagavulin 12,99.0
7013,Lagavulin 12,150.0
7014,Lagavulin 12,115.0
7015,Lagavulin 12,116.0
7017,Lagavulin 12,80.0
7019,Lagavulin 12,110.0
7020,Lagavulin 12,65.0
7021,Lagavulin 12,100.0
7022,Lagavulin 12,90.0
7024,Lagavulin 12,150.0
7025,Lagavulin 12,89.0
7026,Lagavulin 12,50.0
7028,Lagavulin 16,85.0
7029,Lagavulin 16,71.0
7034,Lagavulin 16,125.0
7036,Lagavulin 16,90.0
7037,Lagavulin 16,102.0
7038,Lagavulin 16,61.0
7040,Lagavulin 16,150.0
7041,Lagavulin 16,91.0
7042,Lagavulin 16,54.0
7044,Lagavulin 16,114.0
7046,Lagavulin 16,80.0
7047,Lagavulin 16,115.0
7048,Lagavulin 16,88.0
7049,Lagavulin 16,70.0
7051,Lagavulin 16,54.0
7052,Lagavulin 16,80.0
7054,Lagavulin 16,84.0
7055,Lagavulin 16,150.0
7058,Lagavulin 16,80.0
7059,Lagavulin 16,85.0
7061,Lagavulin 16,92.0
7062,Lagavulin 16,55.0
7064,Lagavulin 16,105.0
7065,Lagavulin 16,76.0
7069,Lagavulin 16,60.0
7070,Lagavulin 16,100.0
7071,Lagavulin 16,100.0
7072,Lagavulin 16,80.0
7073,Lagavulin 16,55.0
7074,Lagavulin 16,90.0
7075,Lagavulin 16,55.0
7076,Lagavulin 16,128.0
7080,Lagavulin 16,55.0
7081,Lagavulin 16,80.0
7084,Lagavulin 16,102.0
7086,Lagavulin 16,65.0
7087,Lagavulin 16,70.0
7088,Lagavulin 16,105.0
7089,Lagavulin 16,83.0
7090,Lagavulin 16,106.0
7091,Lagavulin 16,65.0
7092,Lagavulin 16,120.0
7094,Lagavulin 16,68.0
7096,Lagavulin 16,63.0
7098,Lagavulin 16,65.0
7099,Lagavulin 16,55.0
7100,Lagavulin 16,90.0
7101,Lagavulin 16,58.0
7102,Lagavulin 16,60.0
7103,Lagavulin 16,66.0
7104,Lagavulin 16,65.0
7105,Lagavulin 16,57.0
7107,Lagavulin 16,80.0
7108,Lagavulin 16,76.0
7110,Lagavulin 16,88.0
7112,Lagavulin 16,80.0
7113,Lagavulin 16,80.0
7116,Lagavulin 16,84.0
7117,Lagavulin 16,66.0
7118,Lagavulin 16,80.0
7119,Lagavulin 16,80.0
7120,Lagavulin 16,107.0
7121,Lagavulin 16,134.0
7122,Lagavulin 16,71.0
7124,Lagavulin 16,125.0
7125,Lagavulin 16,100.0
7133,Lagavulin 1995 Distillers Edition,105.0
7136,Lagavulin 1995 Distillers Edition,151.0
7137,Lagavulin 1995 Distillers Edition,130.0
7138,Lagavulin 1995 Distillers Edition,110.0
7141,Lagavulin 1995 Distillers Edition,135.0
7142,Lagavulin 1995 Distillers Edition,125.0
7145,Lagavulin 1996 Distillers Edition,110.0
7146,Lagavulin 1996 Distillers Edition,96.0
7162,Laphroaig 10,50.0
7164,Laphroaig 10,40.0
7165,Laphroaig 10,79.0
7166,Laphroaig 10,50.0
7170,Laphroaig 10,55.0
7171,Laphroaig 10,60.0
7172,Laphroaig 10,50.0
7174,Laphroaig 10,52.0
7175,Laphroaig 10,48.0
7176,Laphroaig 10,90.0
7177,Laphroaig 10,60.0
7178,Laphroaig 10,81.0
7180,Laphroaig 10,45.0
7181,Laphroaig 10,39.0
7182,Laphroaig 10,50.0
7186,Laphroaig 10,47.0
7187,Laphroaig 10,46.0
7188,Laphroaig 10,60.0
7190,Laphroaig 10,67.0
7191,Laphroaig 10,65.0
7192,Laphroaig 10,40.0
7193,Laphroaig 10,48.0
7194,Laphroaig 10,40.0
7195,Laphroaig 10,42.0
7196,Laphroaig 10,40.0
7197,Laphroaig 10,60.0
7199,Laphroaig 10,50.0
7200,Laphroaig 10,50.0
7202,Laphroaig 10,46.0
7204,Laphroaig 10,35.0
7206,Laphroaig 10,46.0
7208,Laphroaig 10,51.0
7210,Laphroaig 10,50.0
7212,Laphroaig 10,55.0
7213,Laphroaig 10,60.0
7214,Laphroaig 10,40.0
7215,Laphroaig 10,30.0
7216,Laphroaig 10,35.0
7217,Laphroaig 10,47.0
7218,Laphroaig 10,36.0
7220,Laphroaig 10,45.0
7222,Laphroaig 10,39.0
7223,Laphroaig 10,42.0
7224,Laphroaig 10,40.0
7225,Laphroaig 10,60.0
7227,Laphroaig 10,48.0
7228,Laphroaig 10,60.0
7229,Laphroaig 10,50.0
7230,Laphroaig 10,35.0
7231,Laphroaig 10,56.0
7232,Laphroaig 10,60.0
7234,Laphroaig 10,45.0
7235,Laphroaig 10,40.0
7236,Laphroaig 10,49.0
7238,Laphroaig 10,45.0
7239,Laphroaig 10,60.0
7240,Laphroaig 10,70.0
7243,Laphroaig 10,35.0
7247,Laphroaig 10 Cask Strength,56.0
7249,Laphroaig 10 Cask Strength,80.0
7252,Laphroaig 10 Cask Strength,65.0
7253,Laphroaig 10 Cask Strength,60.0
7255,Laphroaig 10 Cask Strength,55.0
7257,Laphroaig 10 Cask Strength,60.0
7258,Laphroaig 10 Cask Strength,54.0
7262,Laphroaig 10 Cask Strength,60.0
7263,Laphroaig 10 Cask Strength,55.0
7264,Laphroaig 10 Cask Strength,70.0
7265,Laphroaig 10 Cask Strength,70.0
7267,Laphroaig 10 Cask Strength,65.0
7268,Laphroaig 10 Cask Strength,60.0
7269,Laphroaig 10 Cask Strength,52.0
7299,Laphroaig 15,100.0
7316,Laphroaig 18,179.0
7319,Laphroaig 18,60.0
7320,Laphroaig 18,90.0
7321,Laphroaig 18,100.0
7323,Laphroaig 18,100.0
7324,Laphroaig 18,140.0
7325,Laphroaig 18,45.0
7326,Laphroaig 18,94.0
7328,Laphroaig 18,70.0
7329,Laphroaig 18,90.0
7330,Laphroaig 18,75.0
7331,Laphroaig 18,100.0
7332,Laphroaig 18,85.0
7333,Laphroaig 18,110.0
7334,Laphroaig 18,85.0
7338,Laphroaig 18,170.0
7339,Laphroaig 18,130.0
7340,Laphroaig 18,90.0
7341,Laphroaig 18,81.0
7342,Laphroaig 18,81.0
7346,Laphroaig 18,89.0
7347,Laphroaig 18,75.0
7348,Laphroaig 18,99.0
7350,Laphroaig 18,80.0
7374,Laphroaig 25 Cask Strength 2008,350.0
7389,Laphroaig Cairdeas 2014 Amontillado,75.0
7395,Laphroaig Cairdeas Ileach Edition,60.0
7397,Laphroaig Cirdeas Origin 2012,107.0
7398,Laphroaig Cirdeas Origin 2012,100.0
7399,Laphroaig Cirdeas Origin 2012,70.0
7402,Laphroaig Cirdeas Origin 2012,100.0
7405,Laphroaig Cirdeas Origin 2012,110.0
7408,Laphroaig Cirdeas Origin 2012,60.0
7411,Laphroaig Cirdeas Origin 2012,100.0
7412,Laphroaig Cirdeas Origin 2012,70.0
7413,Laphroaig Cirdeas Origin 2012,90.0
7415,Laphroaig Cirdeas Portwood,75.0
7416,Laphroaig Cirdeas Portwood,75.0
7419,Laphroaig Cirdeas Portwood,76.0
7420,Laphroaig Cirdeas Portwood,70.0
7423,Laphroaig Cirdeas Portwood,89.0
7424,Laphroaig Cirdeas Portwood,85.0
7426,Laphroaig Cirdeas Portwood,65.0
7427,Laphroaig Cirdeas Portwood,60.0
7428,Laphroaig Cirdeas Portwood,70.0
7429,Laphroaig Cirdeas Portwood,70.0
7430,Laphroaig Cirdeas Portwood,76.0
7431,Laphroaig Cirdeas Portwood,65.0
7432,Laphroaig Cirdeas Portwood,60.0
7434,Laphroaig Cirdeas Portwood,87.0
7435,Laphroaig Cirdeas Portwood,90.0
7436,Laphroaig Cirdeas Portwood,79.0
7437,Laphroaig Cirdeas Portwood,80.0
7438,Laphroaig Cirdeas Portwood,99.0
7439,Laphroaig Cirdeas Portwood,60.0
7440,Laphroaig Cirdeas Portwood,60.0
7441,Laphroaig Cirdeas Portwood,80.0
7442,Laphroaig Cirdeas Portwood,65.0
7447,Laphroaig PX Cask Travel Retail,103.0
7450,Laphroaig PX Cask Travel Retail,60.0
7452,Laphroaig PX Cask Travel Retail,70.0
7453,Laphroaig PX Cask Travel Retail,75.0
7456,Laphroaig PX Cask Travel Retail,103.0
7465,Laphroaig Quarter Cask,53.0
7466,Laphroaig Quarter Cask,70.0
7469,Laphroaig Quarter Cask,70.0
7470,Laphroaig Quarter Cask,55.0
7471,Laphroaig Quarter Cask,60.0
7472,Laphroaig Quarter Cask,55.0
7473,Laphroaig Quarter Cask,60.0
7475,Laphroaig Quarter Cask,69.0
7476,Laphroaig Quarter Cask,45.0
7479,Laphroaig Quarter Cask,72.0
7480,Laphroaig Quarter Cask,56.0
7481,Laphroaig Quarter Cask,130.0
7483,Laphroaig Quarter Cask,60.0
7484,Laphroaig Quarter Cask,60.0
7486,Laphroaig Quarter Cask,60.0
7488,Laphroaig Quarter Cask,60.0
7489,Laphroaig Quarter Cask,55.0
7490,Laphroaig Quarter Cask,50.0
7491,Laphroaig Quarter Cask,53.0
7492,Laphroaig Quarter Cask,44.0
7493,Laphroaig Quarter Cask,60.0
7495,Laphroaig Quarter Cask,72.0
7496,Laphroaig Quarter Cask,50.0
7497,Laphroaig Quarter Cask,60.0
7498,Laphroaig Quarter Cask,75.0
7500,Laphroaig Quarter Cask,57.0
7502,Laphroaig Quarter Cask,55.0
7503,Laphroaig Quarter Cask,60.0
7505,Laphroaig Quarter Cask,53.0
7506,Laphroaig Quarter Cask,55.0
7508,Laphroaig Quarter Cask,53.0
7509,Laphroaig Quarter Cask,44.0
7511,Laphroaig Quarter Cask,58.0
7512,Laphroaig Quarter Cask,63.0
7513,Laphroaig Quarter Cask,65.0
7514,Laphroaig Quarter Cask,63.0
7515,Laphroaig Quarter Cask,63.0
7516,Laphroaig Quarter Cask,55.0
7517,Laphroaig Quarter Cask,68.0
7518,Laphroaig Quarter Cask,70.0
7519,Laphroaig Quarter Cask,64.0
7520,Laphroaig Quarter Cask,110.0
7522,Laphroaig Quarter Cask,55.0
7523,Laphroaig Quarter Cask,53.0
7524,Laphroaig Quarter Cask,60.0
7525,Laphroaig Quarter Cask,54.0
7526,Laphroaig Quarter Cask,65.0
7527,Laphroaig Quarter Cask,59.0
7528,Laphroaig Quarter Cask,55.0
7529,Laphroaig Quarter Cask,50.0
7530,Laphroaig Quarter Cask,53.0
7531,Laphroaig Quarter Cask,100.0
7533,Laphroaig Quarter Cask,57.0
7536,Laphroaig Quarter Cask,50.0
7537,Laphroaig Quarter Cask,54.0
7538,Laphroaig Quarter Cask,60.0
7539,Laphroaig Quarter Cask,50.0
7541,Laphroaig Quarter Cask,65.0
7543,Laphroaig Quarter Cask,37.0
7544,Laphroaig Quarter Cask,50.0
7545,Laphroaig Quarter Cask,60.0
7546,Laphroaig Quarter Cask,60.0
7547,Laphroaig Quarter Cask,55.0
7548,Laphroaig Quarter Cask,54.0
7549,Laphroaig Quarter Cask,70.0
7550,Laphroaig Quarter Cask,50.0
7551,Laphroaig Quarter Cask,45.0
7553,Laphroaig Quarter Cask,75.0
7555,Laphroaig Quarter Cask,72.0
7565,Laphroaig Triplewood,60.0
7569,Laphroaig Triplewood,70.0
7570,Laphroaig Triplewood,53.0
7571,Laphroaig Triplewood,51.0
7572,Laphroaig Triplewood,70.0
7573,Laphroaig Triplewood,68.0
7575,Laphroaig Triplewood,90.0
7578,Laphroaig Triplewood,80.0
7579,Laphroaig Triplewood,60.0
7581,Laphroaig Triplewood,60.0
7582,Laphroaig Triplewood,67.0
7583,Laphroaig Triplewood,60.0
7586,Laphroaig Triplewood,90.0
7587,Laphroaig Triplewood,55.0
7715,Longmorn 19 year old 1992 signatory,80.0
7743,Longrow CV,67.0
7744,Longrow CV,83.0
7745,Longrow CV,40.0
7746,Longrow CV,50.0
7748,Longrow CV,79.0
7749,Longrow CV,70.0
7750,Longrow Peated,45.0
7752,Longrow Peated,45.0
7774,Macallan 10 Fine Oak,50.0
7775,Macallan 10 Fine Oak,55.0
7776,Macallan 10 Fine Oak,60.0
7777,Macallan 10 Fine Oak,65.0
7778,Macallan 10 Fine Oak,45.0
7780,Macallan 10 Fine Oak,50.0
7781,Macallan 10 Fine Oak,34.0
7783,Macallan 10 Fine Oak,33.0
7784,Macallan 10 Fine Oak,47.0
7785,Macallan 10 Fine Oak,55.0
7787,Macallan 10 Fine Oak,40.0
7791,Macallan 10 Fine Oak,40.0
7792,Macallan 10 Fine Oak,45.0
7793,Macallan 10 Fine Oak,37.0
7795,Macallan 10 Fine Oak,35.0
7796,Macallan 10 Fine Oak,52.0
7797,Macallan 10 Fine Oak,53.0
7798,Macallan 10 Fine Oak,40.0
7807,Macallan 12 Fine Oak,85.0
7810,Macallan 12 Fine Oak,64.0
7811,Macallan 12 Sherry,55.0
7814,Macallan 12 Sherry,50.0
7815,Macallan 12 Sherry,40.0
7816,Macallan 12 Sherry,50.0
7820,Macallan 12 Sherry,50.0
7821,Macallan 12 Sherry,50.0
7826,Macallan 12 Sherry,46.0
7829,Macallan 12 Sherry,55.0
7830,Macallan 12 Sherry,62.0
7831,Macallan 12 Sherry,58.0
7835,Macallan 12 Sherry,60.0
7838,Macallan 12 Sherry,39.0
7839,Macallan 12 Sherry,50.0
7841,Macallan 12 Sherry,55.0
7842,Macallan 12 Sherry,50.0
7844,Macallan 12 Sherry,50.0
7845,Macallan 12 Sherry,60.0
7846,Macallan 12 Sherry,50.0
7848,Macallan 12 Sherry,40.0
7850,Macallan 12 Sherry,43.0
7851,Macallan 12 Sherry,63.0
7855,Macallan 12 Sherry,30.0
7858,Macallan 12 Sherry,45.0
7859,Macallan 12 Sherry,53.0
7860,Macallan 12 Sherry,45.0
7863,Macallan 12 Sherry,58.0
7865,Macallan 12 Sherry,45.0
7866,Macallan 12 Sherry,50.0
7867,Macallan 12 Sherry,50.0
7868,Macallan 12 Sherry,60.0
7870,Macallan 12 Sherry,150.0
7873,Macallan 12 Sherry ,35.0
7874,Macallan 12 Sherry ,50.0
7875,Macallan 12 Sherry ,45.0
7876,Macallan 12 Sherry ,62.0
7878,Macallan 12 Sherry ,43.0
7879,Macallan 12 Sherry ,55.0
7887,Macallan 15 Fine Oak,90.0
7888,Macallan 15 Fine Oak,80.0
7889,Macallan 15 Fine Oak,95.0
7890,Macallan 15 Fine Oak,97.0
7891,Macallan 15 Fine Oak,83.0
7894,Macallan 15 Fine Oak,68.0
7900,Macallan 17 Fine Oak,115.0
7901,Macallan 17 Fine Oak,127.0
7902,Macallan 17 Fine Oak,180.0
7903,Macallan 17 Fine Oak,125.0
7914,Macallan 18 Sherry,230.0
7918,Macallan 18 Sherry,120.0
7920,Macallan 18 Sherry,180.0
7922,Macallan 18 Sherry,180.0
7924,Macallan 18 Sherry,180.0
7926,Macallan 18 Sherry,225.0
7939,Macallan 25 Sherry,600.0
7945,Macallan 25 Sherry,595.0
7954,Macallan Amber,100.0
7960,Macallan Gold,65.0
7964,Macallan Gold,64.0
7965,Macallan Gold,32.0
7970,Macallan Select Oak,84.0
7971,Macallan Select Oak,45.0
7973,Macallan Select Oak,55.0
7974,Macallan Select Oak,55.0
7975,Macallan Sherry Cask Strength,85.0
7976,Macallan Sherry Cask Strength,87.0
7977,Macallan Sherry Cask Strength,59.0
7979,Macallan Sherry Cask Strength,65.0
7980,Macallan Sherry Cask Strength,63.0
7981,Macallan Sherry Cask Strength,57.0
7982,Macallan Sherry Cask Strength,90.0
7983,Macallan Sherry Cask Strength,75.0
7984,Macallan Sherry Cask Strength,60.0
7986,Macallan Sherry Cask Strength,80.0
7987,Macallan Sherry Cask Strength,99.0
7989,Macallan Sherry Cask Strength,80.0
7990,Macallan Sherry Cask Strength,65.0
7991,Macallan Sherry Cask Strength,100.0
7992,Macallan Sherry Cask Strength,68.0
7993,Macallan Sherry Cask Strength,78.0
7996,Macallan Sherry Cask Strength,90.0
7998,Macallan Sherry Cask Strength,65.0
8000,Macallan Sherry Cask Strength,75.0
8001,Macallan Sherry Cask Strength,96.0
8002,Macallan Sherry Cask Strength,59.0
8003,Macallan Sherry Cask Strength,70.0
8006,Macallan Sherry Cask Strength,55.0
8007,Macallan Sherry Cask Strength,80.0
8009,Macallan Sherry Cask Strength,77.0
8011,Macallan Sherry Cask Strength,70.0
8012,Macallan Sherry Cask Strength,96.0
8013,Macallan Sherry Cask Strength,70.0
8014,Macallan Sherry Cask Strength,70.0
8016,Macallan Sherry Cask Strength,72.0
8017,Macallan Sherry Cask Strength,75.0
8020,Macallan Sherry Cask Strength,60.0
8021,Macallan Sherry Cask Strength,70.0
8022,Macallan Sherry Cask Strength,79.0
8023,Macallan Sherry Cask Strength,70.0
8024,Macallan Sherry Cask Strength,65.0
8025,Macallan Sherry Cask Strength,80.0
8026,Macallan Sherry Cask Strength,55.0
8027,Macallan Sherry Cask Strength,70.0
8028,Macallan Sherry Cask Strength,100.0
8030,Macallan Sherry Cask Strength,65.0
8031,Macallan Sherry Cask Strength,75.0
8032,Macallan Sherry Cask Strength,52.0
8033,Macallan Sherry Cask Strength,55.0
8060,Mackinlay's Shackleton Rare Old Highland Malt Whisky,160.0
8063,Mackinlay's Shackleton Rare Old Highland Malt Whisky,160.0
8067,Mackinlay's Shackleton Rare Old Highland Malt Whisky,160.0
8136,McClelland Highland,30.0
8137,McClelland Highland,18.0
8138,McClelland Highland,35.0
8139,McClelland Highland,22.0
8140,McClelland Highland,18.0
8141,McClelland Islay,25.0
8142,McClelland Islay,18.0
8143,McClelland Islay,30.0
8144,McClelland Islay,25.0
8145,McClelland Islay,40.0
8150,McClelland Islay,22.0
8188,Monkey Shoulder,45.0
8189,Monkey Shoulder,38.0
8190,Monkey Shoulder,30.0
8193,Monkey Shoulder,38.0
8195,Monkey Shoulder,25.0
8197,Monkey Shoulder,25.0
8198,Monkey Shoulder,40.0
8199,Monkey Shoulder,33.0
8200,Monkey Shoulder,39.0
8201,Monkey Shoulder,30.0
8202,Monkey Shoulder,28.0
8203,Monkey Shoulder,32.0
8205,Monkey Shoulder,30.0
8206,Monkey Shoulder,45.0
8207,Monkey Shoulder,39.0
8224,Mortlach 15 Gordon & MacPhail,65.0
8260,New Holland Beer Barrel Bourbon,29.0
8262,New Holland Beer Barrel Bourbon,24.0
8264,New Holland Beer Barrel Bourbon,30.0
8274,Nikka From The Barrel,50.0
8297,Nikka Whisky from the Barrel,70.0
8298,Nikka Whisky from the Barrel,70.0
8300,Nikka Whisky from the Barrel,30.0
8324,Oban 14,109.0
8334,Oban 14,60.0
8335,Oban 14,103.0
8336,Oban 14,59.0
8339,Oban 14,78.0
8340,Oban 14,60.0
8343,Oban 14,77.0
8345,Oban 14,70.0
8346,Oban 14,100.0
8347,Oban 14,134.0
8350,Oban 14,83.0
8352,Oban 14,60.0
8353,Oban 14,73.0
8354,Oban 14,60.0
8355,Oban 14,86.0
8359,Oban 14,76.0
8360,Oban 14,73.0
8362,Oban 14,80.0
8363,Oban 14,55.0
8366,Oban 14,85.0
8367,Oban 14,75.0
8373,Oban 18,85.0
8378,Oban Distiller's Edition 1996,141.0
8380,Oban Distiller's Edition 1996,99.0
8511,Old Pulteney 12,30.0
8514,Old Pulteney 12,40.0
8516,Old Pulteney 12,25.0
8518,Old Pulteney 12,49.0
8520,Old Pulteney 12,30.0
8521,Old Pulteney 12,80.0
8522,Old Pulteney 12,80.0
8523,Old Pulteney 12,50.0
8525,Old Pulteney 12,33.0
8526,Old Pulteney 12,30.0
8527,Old Pulteney 12,35.0
8528,Old Pulteney 12,30.0
8529,Old Pulteney 12,70.0
8530,Old Pulteney 12,40.0
8531,Old Pulteney 12,33.0
8533,Old Pulteney 12,45.0
8534,Old Pulteney 12,61.0
8535,Old Pulteney 12,35.0
8537,Old Pulteney 12,30.0
8538,Old Pulteney 12,40.0
8540,Old Pulteney 12,31.0
8541,Old Pulteney 12,38.0
8542,Old Pulteney 12,33.0
8543,Old Pulteney 12,32.0
8544,Old Pulteney 12,30.0
8545,Old Pulteney 12,28.0
8546,Old Pulteney 12,33.0
8548,Old Pulteney 12,38.0
8549,Old Pulteney 12,45.0
8550,Old Pulteney 12,32.0
8551,Old Pulteney 12,37.0
8554,Old Pulteney 12,38.0
8556,Old Pulteney 12,35.0
8563,Old Pulteney 17,84.0
8571,Old Pulteney 21,229.0
8573,Old Pulteney 21,70.0
8575,Old Pulteney 21,180.0
8577,Old Pulteney 21,115.0
8578,Old Pulteney 21,120.0
8582,Old Pulteney 21,90.0
8745,Passport Scotch,10.0
8747,Passport Scotch,10.0
8760,Pig's Nose,30.0
8763,Pig's Nose,23.0
8765,Pig's Nose,25.0
8766,Pig's Nose,30.0
8768,Pig's Nose,28.0
8769,Pig's Nose,30.0
8770,Pig's Nose,24.0
8771,Pig's Nose,33.0
8805,Port Ellen 32 year old 12th Release,500.0
8806,Port Ellen 32 year old 12th Release,500.0
8807,Port Ellen 32 year old 12th Release,500.0
8812,Port Ellen 32 year old 12th Release,500.0
8813,Port Ellen 32 year old 12th Release,1.0
8957,Royal Lochnagar 12,32.0
8958,Royal Lochnagar 12,33.0
9056,Sheep Dip,35.0
9057,Sheep Dip,50.0
9058,Sheep Dip,30.0
9071,Singleton of Dufftown 12,47.0
9072,Singleton of Dufftown 12,25.0
9084,Singleton of Glendullan 12,40.0
9085,Singleton of Glendullan 12,50.0
9087,Singleton of Glendullan 12,40.0
9088,Singleton of Glendullan 12,25.0
9096,Smokehead,48.0
9099,Smokehead,59.0
9148,Speyburn 10,30.0
9150,Speyburn 10,25.0
9153,Speyburn 10,25.0
9154,Speyburn 10,25.0
9155,Speyburn 10,28.0
9156,Speyburn 10,30.0
9157,Speyburn 10,25.0
9158,Speyburn 10,20.0
9159,Speyburn 10,30.0
9161,Speyburn 10,20.0
9163,Speyburn 10,24.0
9165,Speyburn Bradan Orach,17.0
9166,Speyburn Bradan Orach,22.0
9167,Speyburn Bradan Orach,22.0
9169,Speyburn Bradan Orach,20.0
9178,Springbank 10,60.0
9179,Springbank 10,65.0
9182,Springbank 10,62.0
9186,Springbank 10,55.0
9187,Springbank 10,62.0
9188,Springbank 10,60.0
9193,Springbank 10,66.0
9194,Springbank 10,80.0
9195,Springbank 10,59.0
9196,Springbank 10,60.0
9197,Springbank 10,60.0
9198,Springbank 10,55.0
9199,Springbank 10,55.0
9201,Springbank 10,60.0
9202,Springbank 10,55.0
9204,Springbank 10,55.0
9205,Springbank 10,80.0
9206,Springbank 10,52.0
9222,Springbank 12 Calvados Wood,145.0
9223,Springbank 12 Calvados Wood,130.0
9225,Springbank 12 Cask Strength,110.0
9226,Springbank 12 Cask Strength,59.0
9232,Springbank 12 Cask Strength,79.0
9233,Springbank 12 Cask Strength,65.0
9236,Springbank 12 Cask Strength,100.0
9237,Springbank 12 Cask Strength,100.0
9239,Springbank 12 Cask Strength,80.0
9241,Springbank 12 Cask Strength,70.0
9242,Springbank 12 Cask Strength,100.0
9243,Springbank 12 Cask Strength,60.0
9244,Springbank 12 Cask Strength,89.0
9255,Springbank 15,90.0
9256,Springbank 15,124.0
9257,Springbank 15,89.0
9258,Springbank 15,70.0
9259,Springbank 15,90.0
9265,Springbank 15,90.0
9267,Springbank 15,70.0
9268,Springbank 15,90.0
9269,Springbank 15,135.0
9271,Springbank 15,100.0
9273,Springbank 15,90.0
9275,Springbank 15,90.0
9281,Springbank 18,130.0
9282,Springbank 18,160.0
9283,Springbank 18,180.0
9286,Springbank 18,130.0
9297,Springbank 21,450.0
9307,Springbank CV,32.0
9308,Springbank CV,55.0
9310,Springbank CV,30.0
9382,Stronachie 12,60.0
9383,Stronachie 12,40.0
9629,Tamdhu 8 year 2005 Signatory first fill Sherry,60.0
9631,Tamdhu 8 year 2005 Signatory first fill Sherry,60.0
9632,Tamdhu 8 year 2005 Signatory first fill Sherry,60.0
9633,Tamdhu 8 year 2005 Signatory first fill Sherry,60.0
9634,Tamdhu 8 year 2005 Signatory first fill Sherry,55.0
9635,Tamdhu 8 year 2005 Signatory first fill Sherry,60.0
9641,T Bheag,37.0
9642,T Bheag,36.0
9643,T Bheag,36.0
9645,T Bheag,20.0
9646,T Bheag,36.0
9647,T Bheag,36.0
9649,Teacher's Highland Cream,18.0
9650,Teacher's Highland Cream,30.0
9652,Teacher's Highland Cream,33.0
9653,Teacher's Highland Cream,35.0
9656,Teacher's Highland Cream,15.0
9740,Tomatin 12,38.0
9742,Tomatin 12,28.0
9743,Tomatin 12,30.0
9744,Tomatin 12,24.0
9745,Tomatin 12,22.0
9746,Tomatin 12,22.0
9748,Tomatin 12,25.0
9749,Tomatin 12,31.0
9750,Tomatin 12,57.0
9752,Tomatin 12,22.0
9753,Tomatin 12,30.0
9755,Tomatin 12,30.0
9756,Tomatin 12,40.0
9757,Tomatin 12,30.0
9759,Tomatin 12,40.0
9765,Tomatin 15,40.0
9766,Tomatin 15,40.0
9770,Tomatin 15,70.0
9773,Tomatin 18,80.0
9774,Tomatin 18,104.0
9775,Tomatin 18,60.0
9776,Tomatin 18,129.0
9780,Tomatin 18,60.0
9783,Tomatin 18,55.0
9797,Tomatin Decades,100.0
9801,Tomatin Decades,100.0
9802,Tomatin Decades,85.0
9807,Tomintoul 10,35.0
9819,Tomintoul 16,70.0
10292,Ardbeg Corryvreckan,70.0
10298,AnCnoc 12,30.0
10311,Ardbeg 10,65.0
10321,Speyburn 10,33.0
10331,Monkey Shoulder,25.0
10341,Lagavulin 16,60.0
10342,Ardbeg 21 Sovereign,300.0
10382,Ardbeg 10,75.0
10394,Kilchoman Loch Gorm,149.0
10398,Dalmore 12,40.0
10405,Monkey Shoulder,30.0
10407,Macallan Gold,70.0
10424,Royal Lochnagar 12,72.0
10432,Glenfarclas 105 Cask Strength,84.0
10438,Ardbeg 10,41.0
10441,Ardbeg 10,56.0
10446,Ardbeg Ardbog,200.0
10448,Ardbeg Auriverdes,86.0
10449,Ardbeg 10,40.0
10451,Ardbeg 10,50.0
10452,Ardbeg 10,50.0
10457,Ardbeg 10,60.0
10458,Ardbeg 10,50.0
10459,Ardbeg 10,60.0
10463,Monkey Shoulder,35.0
10468,Macallan 12 Sherry,60.0
10469,Lagavulin 16,90.0
10470,Ardbeg 10,52.0
10471,Benromach 10,86.0
10482,Macallan 10 Fine Oak,49.0
10489,Glenlivet 15 French Oak Reserve,51.0
10500,Kilchoman Loch Gorm,90.0
10507,Aberlour A'bunadh batch #45,75.0
10518,Old Pulteney 21,118.0
10519,Glen Grant 10,40.0
10565,Laphroaig 10 Cask Strength,60.0
10575,Clynelish 14,59.0
10581,Kilchoman Machir Bay,57.0
10586,Glenmorangie Quinta Ruban,52.0
10587,Royal Lochnagar 12,37.0
10589,Cardhu 12,31.0
10595,Glengoyne 10,65.0
10601,Glenmorangie Quinta Ruban,60.0
10602,Dalwhinnie 15,50.0
10613,Glenfarclas 105,83.0
10622,Kilchoman 100% Islay 3rd Edition,89.0
10623,Bowmore Legend,60.0
10624,Balvenie 14 Caribbean Cask,110.0
10645,Balvenie 21 Portwood,200.0
10665,Auchentoshan Valinch,68.0
10683,Aberlour 10,50.0
10704,Glenfarclas 25,120.0
10705,Lagavulin 16,77.0
10710,Laphroaig 18,63.0
10726,Dalwhinnie 15,93.0
10735,Laphroaig 10,50.0
10744,Cutty Sark,25.0
10760,Ardbeg Uigeadail,55.0
10761,Macallan 12 Sherry,47.0
10762,Glenmorangie Signet,140.0
10765,Glenlivet 16 Nadurra,60.0
10811,Glenlivet 12,28.0
10812,Glenlivet 18,80.0
10827,Aberfeldy 12,40.0
10854,Glenfarclas 105,66.0
10855,Laphroaig Quarter Cask,66.0
10856,GlenDronach 15 Revival,67.0
10859,Benromach 10,54.0
10873,Glenfarclas 10,40.0
10884,Balvenie 12 Doublewood,55.0
10888,Oban 14,51.0
10900,Oban 14,79.0
10917,Lagavulin 16,122.0
10926,Edradour 10,54.0
10996,Aberlour 10,43.0
11001,Oban 14,120.0
11004,Lagavulin 16,65.0
11006,Edradour 10,81.0
11007,Glenfiddich 12,49.0
11018,Glenfarclas 21,180.0
11021,McClelland Islay,23.0
11022,Aberlour 10,30.0
11057,Glenfiddich 15,66.0
11059,Glenfarclas 12,42.0
11061,Ardbeg 10,50.0
11076,Laphroaig Quarter Cask,35.0
11086,Glen Garioch Founder's Reserve,60.0
11090,Ardbeg Uigeadail,95.0
11104,Benromach 10,53.0
11105,Glenmorangie 10 Original,39.0
11126,Laphroaig Quarter Cask,55.0
11154,Ardbeg Corryvreckan,80.0
11165,Glenfiddich 14 Rich Oak,55.0
11205,Benromach 10,55.0
11208,Balvenie 12 Doublewood,83.0
11214,Glenmorangie 18,130.0
11216,Dalmore 15,80.0
11219,Balvenie 14 Caribbean Cask,110.0
11231,Ardbeg Uigeadail,63.0
11232,Laphroaig 15,56.0
11233,Laphroaig 18,120.0
11244,Glenmorangie 18,80.0
11245,Laphroaig Quarter Cask,50.0
11261,Oban 14,75.0
11265,Ardbeg Corryvreckan,85.0
11278,Laphroaig 10,81.0
11281,Caol Ila 12,80.0
11282,Glenfarclas 12,67.0
11283,Longrow CV,50.0
11285,Aberfeldy 12,52.0
11291,Bruichladdich The Organic,73.0
11293,Bruichladdich Port Charlotte Scottish Barley,105.0
11294,Bruichladdich Octomore 6.1,200.0
11295,Aberlour A'bunadh batch #39,65.0
11296,Aberlour 12 Double Cask Matured,50.0
11350,Laphroaig Quarter Cask,43.0
11351,Balvenie 14 Caribbean Cask,64.0
11356,Ardbeg 10,60.0
11358,Auchentoshan 12,60.0
11369,Aberlour 12 Double Cask Matured,45.0
11372,Oban 14,56.0
11373,Clynelish 14,47.0
11375,Laphroaig 10 Cask Strength,56.0
11376,Laphroaig 18,90.0
11377,Laphroaig Quarter Cask,53.0
11378,Laphroaig Triplewood,57.0
11379,Laphroaig PX Cask Travel Retail,100.0
11380,Laphroaig Cairdeas 2014 Amontillado,75.0
11385,Bruichladdich Port Charlotte Scottish Barley,60.0
11409,Laphroaig 18,89.0
11410,Johnnie Walker Blue Label,185.0
11413,Chivas Regal 12,27.0
11416,Auchentoshan Three Wood,84.0
11434,Glenlivet 12,35.0
11437,Lagavulin 12,145.0
11443,Chivas Regal 12,35.0
11469,T Bheag,39.0
11480,Glenkinchie 12,75.0
11523,Aberlour 12 Non Chill Filtered,50.0
11548,Aberlour 12 Non Chill Filtered,60.0
11569,Ardbeg Uigeadail,140.0
11574,AnCnoc 12,64.0
11586,Auchentoshan 12,25.0
11598,Compass Box Oak Cross,52.0
11599,Laphroaig Quarter Cask,53.0
11603,Springbank 10,90.0
11611,Ardbeg 10,44.0
11612,Glenfiddich 12,29.0
11613,Glenfiddich 15,47.0
11614,Glenfiddich 18,75.0
11615,Glenfarclas 15,125.0
11616,Ardbeg Uigeadail,102.0
11621,Cragganmore 12,85.0
11655,Laphroaig Quarter Cask,60.0
11657,Bowmore 12,58.0
11659,Glenfiddich 12,50.0
11661,GlenDronach 21 Parliament,193.0
11667,Oban 18,85.0
